Source File	Size	loadResources	load	generateSnapshots	load-configure	scan	loadDepInfo	loadInfo	checkR4R4B	generateNarratives	validate	loadLists	checkConformanceResources	checkConformanceResources2	checkConformanceResources3	generateLogicalMaps	validateExpressions	scanForUsageStats	checkURLsUnique	processProvenanceDetails	generate1	generate2	generateLogicals	makeDependencies	generateExampleZip	generateValidationPack	scanProfilesForR5	scanExamplesForR5
/fsh-generated/resources/ImplementationGuide-ee.fhir.vris.json	47930	-	0	0	0	0	0	0	9	22	0	0	0	0	0	0	0	1	0	0	77	152	0	0	0	4	0	1
fsh-generated/resources/BiologicallyDerivedProduct-embryo1-1.json	1270	5	0	0	1	0	0	0	0	1346	0	0	0	0	0	0	0	0	0	0	6	9	0	0	0	0	0	0
fsh-generated/resources/BiologicallyDerivedProduct-embryo1-2.json	1270	2	0	0	0	0	0	0	0	4	0	0	0	0	0	0	0	0	0	0	7	9	0	0	0	0	0	0
fsh-generated/resources/BiologicallyDerivedProduct-embryo1.json	1908	1	0	0	0	0	0	0	0	476	0	0	0	0	0	0	0	0	0	0	5	7	0	0	0	0	0	0
fsh-generated/resources/BiologicallyDerivedProduct-embryo2-1.json	1272	1	0	0	0	0	0	0	0	4	0	0	0	0	0	0	0	0	0	0	5	9	0	0	0	0	0	0
fsh-generated/resources/BiologicallyDerivedProduct-embryo2.json	1185	1	0	0	0	0	0	0	0	2	0	0	0	0	0	0	0	0	0	0	4	5	0	0	0	0	0	0
fsh-generated/resources/BiologicallyDerivedProduct-oocyte1-1.json	1461	1	0	0	0	0	0	0	1	211	0	0	0	0	0	0	0	0	0	0	3	7	0	0	0	0	0	0
fsh-generated/resources/BiologicallyDerivedProduct-oocyte1-2.json	1706	1	0	0	0	0	0	0	0	213	0	0	0	0	0	0	0	0	0	0	4	8	0	0	0	0	0	0
fsh-generated/resources/BiologicallyDerivedProduct-oocyte1-3.json	2009	2	0	0	0	0	0	0	0	4	0	0	0	0	0	0	0	0	0	0	4	8	0	0	0	0	0	0
fsh-generated/resources/BiologicallyDerivedProduct-oocyte1.json	4001	1	0	0	0	0	0	0	0	1258	0	0	0	0	0	0	0	0	0	0	5	10	0	0	0	0	0	0
fsh-generated/resources/BiologicallyDerivedProduct-ovariantissue1-1.json	1623	1	0	0	0	0	0	0	1	208	0	0	0	0	0	0	0	0	0	0	4	7	0	0	0	0	0	0
fsh-generated/resources/BiologicallyDerivedProduct-ovariantissue1.json	3043	1	0	0	0	0	0	0	0	412	0	0	0	0	0	0	0	0	0	0	5	9	0	0	0	0	0	0
fsh-generated/resources/BiologicallyDerivedProduct-sperm1-1.json	1147	1	0	0	0	0	0	0	0	3	0	0	0	0	0	0	0	0	0	0	4	6	0	0	0	0	0	0
fsh-generated/resources/BiologicallyDerivedProduct-sperm1-2.json	1506	1	0	0	0	0	0	0	0	1	0	0	0	0	0	0	0	0	0	0	4	8	0	0	0	0	0	0
fsh-generated/resources/BiologicallyDerivedProduct-sperm1-3.json	1506	1	0	0	0	0	0	0	0	1	0	0	0	0	0	0	0	0	0	0	4	7	0	0	0	0	0	0
fsh-generated/resources/BiologicallyDerivedProduct-sperm1.json	3124	1	0	0	0	0	0	0	1	412	0	0	0	0	0	0	0	0	0	0	4	8	0	0	0	0	0	0
fsh-generated/resources/CarePlan-carePlanIvfCycle2025.json	1712	3	0	0	0	0	0	0	0	704	0	0	0	0	0	0	0	0	0	0	4	9	0	0	0	0	0	0
fsh-generated/resources/Condition-donor-genetic-finding-suspected1.json	1139	2	0	0	0	0	0	0	0	2	0	0	0	0	0	0	0	0	0	0	3	5	0	0	0	0	0	0
fsh-generated/resources/Condition-donor-genetic-finding-verified1.json	1188	1	0	0	0	0	0	0	0	1	0	0	0	0	0	0	0	0	0	0	4	6	0	0	0	0	0	0
fsh-generated/resources/Condition-female-fertility-indication-example1.json	1135	1	0	0	0	0	0	0	0	2	0	0	0	0	0	0	0	0	0	0	3	6	0	0	0	0	0	0
fsh-generated/resources/Encounter-encounter-donationSperm2025.json	678	2	0	0	0	0	0	0	0	3	0	0	0	0	0	0	0	0	0	0	3	6	0	0	0	0	0	0
fsh-generated/resources/EpisodeOfCare-eoc-donationSperm2025.json	573	2	0	0	0	0	0	0	0	1	0	0	0	0	0	0	0	0	0	0	3	5	0	0	0	0	0	0
fsh-generated/resources/MedicationAdministration-medicationAdministrationFollitropin1.json	1982	2	0	0	0	0	0	0	0	624	0	0	0	0	0	0	0	0	0	0	4	9	0	0	0	0	0	0
fsh-generated/resources/Observation-observation-bloodgroup.json	1439	3	0	0	0	0	0	0	1	1534	0	0	0	0	0	0	0	0	0	0	4	5	0	0	0	0	0	0
fsh-generated/resources/Observation-observation-embryo-lifecycle-counts.json	1282	1	0	0	0	0	0	0	0	5	0	0	0	0	0	0	0	0	0	0	3	7	0	0	0	0	0	0
fsh-generated/resources/Observation-observation-fertilization-counts.json	1466	1	0	0	0	0	0	0	0	1	0	0	0	0	0	0	0	0	0	0	4	7	0	0	0	0	0	0
fsh-generated/resources/Observation-observation-stimulation-protocol.json	2069	1	0	0	0	0	0	0	0	440	0	0	0	0	0	0	0	0	0	0	3	6	0	0	0	0	0	0
fsh-generated/resources/OperationDefinition-EEVRISPatientObservations.json	3234	6	0	0	0	0	0	0	1	4	0	0	0	0	0	0	0	0	0	0	6	11	0	0	0	1	0	0
fsh-generated/resources/Organization-organization-novavita1.json	359	1	0	0	0	0	0	0	0	1	0	0	0	0	0	0	0	0	0	0	3	3	0	0	0	0	0	0
fsh-generated/resources/Patient-patientChild1.json	938	4	0	0	0	0	0	0	0	1	0	0	0	0	0	0	0	0	0	0	3	4	0	0	0	0	0	0
fsh-generated/resources/Patient-patientDonorMale.json	2063	2	0	0	0	0	0	0	0	37	0	0	0	0	0	0	0	0	0	0	4	4	0	0	0	0	0	0
fsh-generated/resources/Patient-patientDonorunknown1.json	1803	1	0	0	0	0	0	0	0	0	0	0	0	0	0	0	0	0	0	0	4	4	0	0	0	0	0	0
fsh-generated/resources/Patient-patientFemale.json	797	1	0	0	1	0	0	0	1	1	0	0	0	0	0	0	0	0	0	0	3	3	0	0	0	0	0	0
fsh-generated/resources/Practitioner-practitioner-doctor.json	442	1	0	0	0	0	0	0	0	1	0	0	0	0	0	0	0	0	0	0	3	2	0	0	0	0	0	0
fsh-generated/resources/PractitionerRole-practitionerrole-doctor.json	426	1	0	0	0	0	0	0	0	0	0	0	0	0	0	0	0	0	0	0	3	4	0	0	0	0	0	0
fsh-generated/resources/Procedure-allocation-oocyte1-1.json	799	2	0	0	0	0	0	0	0	856	0	0	0	0	0	0	0	0	0	0	3	6	0	0	0	0	0	0
fsh-generated/resources/Procedure-allocation-sperm1-3.json	973	1	0	0	0	0	0	0	0	49	0	0	0	0	0	0	0	0	0	0	4	6	0	0	0	0	0	0
fsh-generated/resources/Procedure-procedure-cryoSperm1.json	927	0	0	0	0	0	0	0	0	5	0	0	0	0	0	0	0	0	0	0	3	8	0	0	0	0	0	0
fsh-generated/resources/Procedure-procedure-donationSperm1.json	801	1	0	0	0	0	0	0	0	1	0	0	0	0	0	0	0	0	0	0	4	5	0	0	0	0	0	0
fsh-generated/resources/Procedure-procedure-embryo-transfer.json	989	1	0	0	0	0	0	0	0	4	0	0	0	0	0	0	0	0	0	0	3	6	0	0	0	0	0	0
fsh-generated/resources/Procedure-procedure-fertilization1.json	1324	1	0	0	0	0	0	0	0	2	0	0	0	0	0	0	0	0	0	0	4	7	0	0	0	0	0	0
fsh-generated/resources/Procedure-procedure-oocyte-retrieval.json	953	0	0	0	0	0	0	0	0	1	0	0	0	0	0	0	0	0	0	0	3	4	0	0	0	0	0	0
fsh-generated/resources/StructureDefinition-ee-vris-additional-identifier.json	1470	1	0	6	0	0	0	0	0	48	0	0	0	0	0	0	0	0	0	0	11	371	0	0	0	0	0	0
fsh-generated/resources/StructureDefinition-ee-vris-birth-sex.json	1393	1	0	3	0	0	0	0	0	4	0	0	1	0	0	0	0	0	0	0	12	98	0	0	0	1	0	1
fsh-generated/resources/StructureDefinition-ee-vris-care-plan.json	8568	2	0	17	0	0	0	0	0	652	0	0	0	0	0	0	0	1	0	0	65	278	0	0	0	4	0	0
fsh-generated/resources/StructureDefinition-ee-vris-cause-of-death.json	3361	1	0	10	0	0	0	0	0	640	0	0	0	0	0	0	0	0	0	0	50	164	0	0	0	2	0	0
fsh-generated/resources/StructureDefinition-ee-vris-cell-preservation-reason.json	1709	1	0	3	0	0	0	0	0	6	0	0	0	0	0	0	0	0	0	0	10	68	0	0	0	0	0	0
fsh-generated/resources/StructureDefinition-ee-vris-condition-birth-defect.json	2467	1	0	10	0	0	0	0	0	12	0	0	0	0	0	0	0	1	0	0	47	138	0	0	0	3	0	1
fsh-generated/resources/StructureDefinition-ee-vris-condition-comorbidity.json	3861	1	0	10	0	0	0	0	0	10	0	0	0	0	0	0	0	0	0	0	49	759	0	0	0	2	0	0
fsh-generated/resources/StructureDefinition-ee-vris-condition-donor-genetic-finding.json	4339	1	0	30	0	0	0	0	0	13	0	0	0	0	0	0	0	1	0	0	50	828	0	0	0	2	0	0
fsh-generated/resources/StructureDefinition-ee-vris-condition-fertility-indication-etiology-male.json	3832	2	0	9	0	0	0	0	0	11	0	0	0	0	0	0	0	0	0	0	58	142	0	1	0	3	0	1
fsh-generated/resources/StructureDefinition-ee-vris-condition-fertility-indication-female.json	3852	1	0	9	0	0	0	0	0	10	0	0	0	0	0	0	0	1	0	0	47	120	0	0	0	2	0	0
fsh-generated/resources/StructureDefinition-ee-vris-condition-fertility-indication-male.json	3853	1	0	8	0	0	0	0	0	9	0	0	0	0	0	0	0	0	0	0	48	120	0	0	0	2	0	0
fsh-generated/resources/StructureDefinition-ee-vris-condition-pregnancy.json	2172	1	0	9	0	0	0	0	0	7	0	0	0	0	0	0	0	1	0	0	40	111	0	0	0	2	0	1
fsh-generated/resources/StructureDefinition-ee-vris-condition-treatment-complication.json	3328	1	0	8	0	0	0	0	0	8	0	0	0	0	0	0	0	0	0	0	45	117	0	0	0	2	0	0
fsh-generated/resources/StructureDefinition-ee-vris-cryopreservation-date.json	1612	1	0	3	0	0	0	0	0	3	0	0	0	0	0	0	0	1	0	0	11	57	0	0	0	1	0	0
fsh-generated/resources/StructureDefinition-ee-vris-cycle-discontinuation-reason.json	1607	0	0	1	0	0	0	0	0	3	0	0	0	0	0	0	0	0	0	0	10	47	0	0	0	0	0	0
fsh-generated/resources/StructureDefinition-ee-vris-donor-anonymous.json	3410	1	0	23	0	0	0	0	0	17	0	0	1	0	0	0	0	1	0	0	91	1154	0	0	0	4	1	1
fsh-generated/resources/StructureDefinition-ee-vris-donor-reference.json	1665	1	0	3	0	0	0	0	0	2	0	0	0	0	0	0	0	0	0	0	11	70	0	0	0	1	0	0
fsh-generated/resources/StructureDefinition-ee-vris-donor.json	3990	1	0	61	0	0	0	0	0	17	0	0	0	0	0	0	0	2	0	0	92	289	0	0	0	4	0	1
fsh-generated/resources/StructureDefinition-ee-vris-embryo.json	12172	3	0	19	0	0	1	0	0	1895	0	0	0	0	0	0	0	1	0	0	77	216	0	0	0	4	0	0
fsh-generated/resources/StructureDefinition-ee-vris-encounter.json	2573	1	0	16	0	0	0	0	0	9	0	0	0	0	0	0	0	0	0	0	58	169	0	0	0	2	0	1
fsh-generated/resources/StructureDefinition-ee-vris-episode-of-care-pregnancy.json	4630	1	0	18	1	0	0	0	0	11	0	0	0	0	0	0	0	1	0	0	57	138	0	0	0	3	0	0
fsh-generated/resources/StructureDefinition-ee-vris-episode-of-care.json	2531	1	0	1	0	0	0	0	0	6	0	0	0	0	0	0	0	1	0	0	36	115	0	0	0	1	0	0
fsh-generated/resources/StructureDefinition-ee-vris-fertility-preservation-method.json	1694	1	0	3	0	0	0	0	0	3	0	0	0	0	0	0	0	0	0	0	10	43	0	0	0	1	0	1
fsh-generated/resources/StructureDefinition-ee-vris-medication-administration.json	2766	1	0	11	0	0	0	0	0	6	0	0	1	0	0	0	0	0	0	0	41	94	0	0	0	2	0	0
fsh-generated/resources/StructureDefinition-ee-vris-observation-attempting-to-concieve.json	4416	1	0	17	0	0	0	0	0	627	0	0	0	0	0	0	0	1	0	0	73	149	0	0	0	5	1	0
fsh-generated/resources/StructureDefinition-ee-vris-observation-biochemical-pregnancy.json	4065	2	0	16	0	0	0	0	0	13	0	0	0	0	0	0	0	1	0	0	73	635	0	0	0	5	0	1
fsh-generated/resources/StructureDefinition-ee-vris-observation-birth-weight.json	2610	1	0	18	0	0	0	0	0	12	0	0	0	0	0	0	0	1	0	0	67	408	0	0	0	3	0	0
fsh-generated/resources/StructureDefinition-ee-vris-observation-blood-group.json	5271	1	0	20	0	0	0	0	0	13	0	0	0	0	0	0	0	0	0	0	94	241	0	0	0	5	0	1
fsh-generated/resources/StructureDefinition-ee-vris-observation-clinical-pregnancy.json	5591	2	0	19	0	0	0	0	0	14	0	0	0	0	0	0	0	1	0	0	96	874	0	0	0	4	0	1
fsh-generated/resources/StructureDefinition-ee-vris-observation-education-level.json	1404	1	0	18	0	0	0	0	0	12	0	0	0	0	0	0	0	0	0	0	72	1043	0	0	0	4	0	0
fsh-generated/resources/StructureDefinition-ee-vris-observation-embryo-lifecycle-counts.json	4969	1	0	20	0	0	0	0	0	19	0	0	0	0	0	0	0	1	0	0	99	204	0	0	0	4	0	1
fsh-generated/resources/StructureDefinition-ee-vris-observation-fertilization-counts.json	6548	2	0	27	0	0	0	0	0	17	0	0	1	0	0	0	0	1	0	0	129	230	0	0	0	6	0	1
fsh-generated/resources/StructureDefinition-ee-vris-observation-fetus-reduction.json	4621	1	0	15	0	0	0	0	0	10	0	0	0	0	0	0	0	1	0	0	76	362	0	0	0	4	0	1
fsh-generated/resources/StructureDefinition-ee-vris-observation-height.json	4679	2	0	15	0	0	0	0	0	12	0	0	0	0	0	0	0	0	0	0	81	340	0	0	0	4	0	0
fsh-generated/resources/StructureDefinition-ee-vris-observation-marital-status.json	1399	0	0	15	0	0	0	0	0	6	0	0	0	0	0	0	0	1	0	0	61	128	0	0	0	3	0	1
fsh-generated/resources/StructureDefinition-ee-vris-observation-neonatal-intensive-care.json	2458	1	0	11	1	0	0	0	0	8	0	0	0	0	0	0	0	0	0	0	61	341	0	0	0	3	1	0
fsh-generated/resources/StructureDefinition-ee-vris-observation-obstetric-history.json	10787	2	0	24	0	0	0	0	0	23	0	0	0	0	0	0	0	1	0	0	149	1491	0	0	0	6	0	1
fsh-generated/resources/StructureDefinition-ee-vris-observation-physical-appearance.json	7694	2	0	22	0	0	0	0	0	2503	0	0	0	0	0	0	0	1	0	0	125	1209	0	0	0	5	0	1
fsh-generated/resources/StructureDefinition-ee-vris-observation-pregnancy-outcome.json	13242	3	0	40	0	0	0	0	0	28	0	0	1	0	0	0	0	1	0	0	227	1906	0	0	0	7	0	0
fsh-generated/resources/StructureDefinition-ee-vris-observation-prenatal-care-discontinued.json	1958	1	0	17	0	0	0	0	0	8	0	0	0	0	0	0	0	0	0	0	70	311	0	1	0	3	0	1
fsh-generated/resources/StructureDefinition-ee-vris-observation-prior-fertility-treatment.json	10091	2	0	22	0	0	0	0	0	17	0	0	0	0	0	0	0	1	0	0	147	261	0	0	0	5	0	0
fsh-generated/resources/StructureDefinition-ee-vris-observation-stimulation-protocol-embryo.json	5919	2	0	21	0	0	0	0	0	625	0	0	0	0	0	0	0	1	0	0	103	170	0	0	0	5	0	0
fsh-generated/resources/StructureDefinition-ee-vris-observation-stimulation-protocol.json	10605	2	0	31	0	0	0	0	0	3157	0	0	0	0	0	0	0	1	0	0	181	275	0	0	0	6	0	1
fsh-generated/resources/StructureDefinition-ee-vris-observation-tobacco-use.json	4747	2	0	12	0	0	0	0	0	842	0	0	0	0	0	0	0	1	0	0	76	773	0	0	0	4	0	0
fsh-generated/resources/StructureDefinition-ee-vris-observation-waist.json	4704	1	0	15	0	0	0	0	0	11	0	0	1	0	0	0	0	0	0	0	88	322	0	0	0	4	0	0
fsh-generated/resources/StructureDefinition-ee-vris-observation-weight.json	4673	2	0	13	0	0	0	0	0	9	0	0	0	0	0	0	0	1	0	0	81	108	0	0	0	4	0	1
fsh-generated/resources/StructureDefinition-ee-vris-oocyte.json	16537	3	0	18	0	0	0	0	0	3070	0	0	0	0	0	0	0	0	0	0	139	172	0	0	0	5	1	0
fsh-generated/resources/StructureDefinition-ee-vris-package.json	1535	0	0	2	0	0	0	0	0	4	0	0	0	0	0	0	0	0	0	0	11	37	0	0	0	0	0	0
fsh-generated/resources/StructureDefinition-ee-vris-patient-child-unknown-id.json	3156	1	0	18	0	0	0	0	0	9	0	0	0	0	0	0	0	1	0	0	85	160	0	0	0	4	0	1
fsh-generated/resources/StructureDefinition-ee-vris-patient-child.json	2271	1	0	18	0	0	0	1	0	8	0	0	0	0	0	0	0	1	0	0	79	187	0	0	0	3	0	0
fsh-generated/resources/StructureDefinition-ee-vris-patient-universal.json	5983	2	0	13	0	0	0	0	0	9	0	0	0	0	0	0	0	0	0	0	62	104	0	0	0	3	0	0
fsh-generated/resources/StructureDefinition-ee-vris-procedure-allocation.json	3360	0	0	16	0	0	0	0	0	632	0	0	1	0	0	0	0	1	0	0	46	81	0	0	0	3	0	0
fsh-generated/resources/StructureDefinition-ee-vris-procedure-cryopreservation.json	3094	1	0	7	0	0	0	0	0	604	0	0	0	0	0	0	0	0	0	0	47	105	0	0	0	2	0	1
fsh-generated/resources/StructureDefinition-ee-vris-procedure-destruction.json	2652	1	0	7	0	0	0	0	0	622	0	0	0	0	0	0	0	1	0	0	43	76	0	0	0	2	0	0
fsh-generated/resources/StructureDefinition-ee-vris-procedure-donation.json	2714	1	0	7	0	0	0	0	0	5	0	0	0	0	0	0	0	0	0	0	44	78	0	0	0	2	0	0
fsh-generated/resources/StructureDefinition-ee-vris-procedure-embryo-transfer.json	2863	1	0	7	0	1	0	0	0	6	0	0	0	0	0	0	0	0	0	0	46	79	0	0	0	2	0	0
fsh-generated/resources/StructureDefinition-ee-vris-procedure-fertilization.json	2469	1	0	7	0	0	0	0	0	622	0	0	0	0	0	0	0	1	0	0	44	78	0	0	0	2	0	0
fsh-generated/resources/StructureDefinition-ee-vris-procedure-insemination.json	2855	1	0	6	0	0	0	0	0	5	0	0	0	0	0	0	0	0	0	0	46	93	0	0	0	2	1	1
fsh-generated/resources/StructureDefinition-ee-vris-procedure-oocyte-retrieval.json	2846	0	0	7	0	0	0	0	0	4	0	0	0	0	0	0	0	0	0	0	47	84	0	0	0	2	0	0
fsh-generated/resources/StructureDefinition-ee-vris-procedure-pgt.json	2286	1	0	7	0	0	0	0	0	609	0	0	0	0	0	0	0	1	0	0	44	77	0	0	0	2	0	0
fsh-generated/resources/StructureDefinition-ee-vris-procedure.json	3536	1	0	1	0	0	0	0	0	7	0	0	0	0	0	0	0	0	0	0	54	84	0	0	0	3	0	0
fsh-generated/resources/StructureDefinition-ee-vris-recipient.json	2752	1	0	18	0	0	0	0	0	13	0	0	0	0	0	0	0	1	0	0	87	219	0	0	0	3	0	1
fsh-generated/resources/StructureDefinition-ee-vris-recryo.json	3530	1	0	3	0	0	0	0	0	9	0	0	0	0	0	0	0	0	0	0	29	76	0	0	0	1	0	0
fsh-generated/resources/StructureDefinition-ee-vris-related-clinic.json	1502	1	0	4	0	0	0	0	0	3	0	0	0	0	0	0	0	0	0	0	10	55	0	0	0	1	0	0
fsh-generated/resources/StructureDefinition-ee-vris-related-person.json	3487	1	0	10	1	0	0	0	0	615	0	0	0	0	0	0	0	1	0	0	55	136	0	0	0	2	0	0
fsh-generated/resources/StructureDefinition-ee-vris-reproductive-tissue.json	13682	3	0	14	0	0	0	0	0	692	0	0	0	0	0	0	0	0	0	0	112	222	0	0	0	4	0	1
fsh-generated/resources/StructureDefinition-ee-vris-role.json	1720	0	0	2	0	0	0	0	0	3	0	0	0	0	0	0	0	0	0	0	10	58	0	0	0	1	0	0
fsh-generated/resources/StructureDefinition-ee-vris-sperm.json	14666	3	0	14	0	0	0	0	0	2440	0	0	1	0	0	0	0	1	0	0	113	192	0	0	0	3	0	0
fsh-generated/resources/StructureDefinition-ee-vris-stimulation-method.json	1624	1	0	2	0	0	0	0	0	3	0	0	0	0	0	0	0	0	0	0	11	47	0	0	0	1	0	0
fsh-generated/resources/StructureDefinition-ee-vris-supply-delivery.json	5056	1	0	8	0	0	0	0	0	8	0	0	0	0	0	0	0	0	0	0	51	99	0	0	0	2	0	0
fsh-generated/resources/StructureDefinition-ee-vris-terk-coverage.json	1410	1	0	2	0	0	0	0	0	2	0	0	0	0	0	0	0	0	0	0	10	42	0	0	0	0	0	0
fsh-generated/resources/StructureDefinition-ee-vris-thawing.json	2840	1	0	2	0	0	0	0	0	4	0	0	0	0	0	0	0	0	0	0	22	57	0	0	0	1	0	0
fsh-generated/resources/SupplyDelivery-supplyDeliverySperm1.json	1027	2	0	0	0	0	0	0	1	7	0	0	0	0	0	0	0	0	0	0	3	7	0	0	0	0	0	0
/fsh-generated/includes/fsh-link-references.md	8994	-	-	-	0	0	0	0	0	0	0	0	0	0	0	0	0	0	0	0	0	1	0	0	0	0	0	0
/fsh-generated/includes/menu.xml	1726	-	-	-	0	0	0	0	0	0	0	0	0	0	0	0	0	0	0	0	0	0	0	0	0	0	0	0
/input/pagecontent/contacts.md	370	-	-	-	0	0	0	0	0	0	0	0	0	0	0	0	0	0	0	0	0	0	0	0	0	0	0	0
/input/pagecontent/search.xml	446	-	-	-	0	0	0	0	0	0	0	0	0	0	0	0	0	0	0	0	0	43	0	0	0	0	0	0
/input/pagecontent/index.md	931	-	-	-	0	0	0	0	0	0	0	0	0	0	0	0	0	0	0	0	0	0	0	0	0	0	0	0
/input/pagecontent/page1.md	526	-	-	-	0	0	0	0	0	0	0	0	0	0	0	0	0	0	0	0	0	0	0	0	0	0	0	0
/input/pagecontent/page2.md	209	-	-	-	0	0	0	0	0	0	0	0	0	0	0	0	0	0	0	0	0	0	0	0	0	0	0	0
/input/pagecontent/downloads.xml	1148	-	-	-	0	0	0	0	0	0	0	0	0	0	0	0	0	0	0	0	0	24	0	0	0	0	0	0
/template/config	0	-	-	-	0	0	0	0	0	0	0	0	0	0	0	0	0	0	0	0	0	0	0	0	0	0	0	0
/template/config/_config.yml	140	-	-	-	0	0	0	0	0	0	0	0	0	0	0	0	0	0	0	0	0	0	0	0	0	0	0	0
/input/images	0	-	-	-	0	0	0	0	0	0	0	0	0	0	0	0	0	0	0	0	0	0	0	0	0	0	0	0
/input/images/sample.png	2028720	-	-	-	0	0	0	0	0	0	0	0	0	0	0	0	0	0	0	0	0	2	0	0	0	0	0	0
/input/images/robots.txt	24	-	-	-	0	0	0	0	0	0	0	0	0	0	0	0	0	0	0	0	0	0	0	0	0	0	0	0
/temp/pages/_includes/artifacts.xml	56268	-	-	-	-	-	-	-	-	-	-	-	-	-	-	-	-	-	-	-	-	1	0	0	0	0	0	0
