"Id","Path","Slice Name","Alias(s)","Label","Min","Max","Must Support?","Is Modifier?","Is Summary?","Type(s)","Short","Definition","Comments","Requirements","Default Value","Meaning When Missing","Fixed Value","Pattern","Example","Minimum Value","Maximum Value","Maximum Length","Binding Strength","Binding Description","Binding Value Set","Code","Slicing Discriminator","Slicing Description","Slicing Ordered","Slicing Rules","Base Path","Base Min","Base Max","Condition(s)","Constraint(s)","Mapping: Workflow Pattern","Mapping: FiveWs Pattern Mapping","Mapping: RIM Mapping"
"EpisodeOfCare","EpisodeOfCare","","Case Program Problem
","",0,*,"","","","null {[]} {[]}
","An association of a Patient with an Organization and  Healthcare Provider(s) for a period of time that the Organization assumes some level of responsibility","An association between a patient and an organization / healthcare provider(s) during which time encounters may occur. The managing organization assumes a level of responsibility for the patient during this time.","","","","","","","","","",,,,,"",,,,"EpisodeOfCare",0,*,"","dom-2:If the resource is contained in another resource, it SHALL NOT contain nested Resources {contained.contained.empty()}
dom-3:If the resource is contained in another resource, it SHALL be referred to from elsewhere in the resource or SHALL refer to the containing resource {contained.where((('#'+id in (%resource.descendants().reference | %resource.descendants().ofType(canonical) | %resource.descendants().ofType(uri) | %resource.descendants().ofType(url))) or descendants().where(reference = '#').exists() or descendants().where(ofType(canonical) = '#').exists() or descendants().where(ofType(canonical) = '#').exists()).not()).trace('unmatched', id).empty()}dom-4:If a resource is contained in another resource, it SHALL NOT have a meta.versionId or a meta.lastUpdated {contained.meta.versionId.empty() and contained.meta.lastUpdated.empty()}dom-5:If a resource is contained in another resource, it SHALL NOT have a security label {contained.meta.security.empty()}dom-6:A resource should have narrative for robust management {text.`div`.exists()}","Event","workflow.encounter","Entity, Role, or Act,n/a"
"EpisodeOfCare.id","EpisodeOfCare.id","","","",0,1,"","","Y","id {[]} {[]}
","Logical id of this artifact","The logical id of the resource, as used in the URL for the resource. Once assigned, this value never changes.","Within the context of the FHIR RESTful interactions, the resource has an id except for cases like the create and conditional update. Otherwise, the use of the resouce id depends on the given use case.","","","","","","","","",,,,,"",,,,"Resource.id",0,1,"",""
"EpisodeOfCare.meta","EpisodeOfCare.meta","","","",0,1,"","","Y","Meta {[]} {[]}
","Metadata about the resource","The metadata about the resource. This is content that is maintained by the infrastructure. Changes to the content might not always be associated with version changes to the resource.","","","","","","","","","",,,,,"",,,,"Resource.meta",0,1,"","ele-1:All FHIR elements must have a @value or children {hasValue() or (children().count() > id.count())}
"
"EpisodeOfCare.implicitRules","EpisodeOfCare.implicitRules","","","",0,1,"","Y","Y","uri {[]} {[]}
","A set of rules under which this content was created","A reference to a set of rules that were followed when the resource was constructed, and which must be understood when processing the content. Often, this is a reference to an implementation guide that defines the special rules along with other profiles etc.","Asserting this rule set restricts the content to be only understood by a limited set of trading partners. This inherently limits the usefulness of the data in the long term. However, the existing health eco-system is highly fractured, and not yet ready to define, collect, and exchange data in a generally computable sense. Wherever possible, implementers and/or specification writers should avoid using this element. Often, when used, the URL is a reference to an implementation guide that defines these special rules as part of its narrative along with other profiles, value sets, etc.","","","","","","","","",,,,,"",,,,"Resource.implicitRules",0,1,"","ele-1:All FHIR elements must have a @value or children {hasValue() or (children().count() > id.count())}
"
"EpisodeOfCare.language","EpisodeOfCare.language","","","",0,1,"","","","code {[]} {[]}
","Language of the resource content","The base language in which the resource is written.","Language is provided to support indexing and accessibility (typically, services such as text to speech use the language tag). The html language tag in the narrative applies  to the narrative. The language tag on the resource may be used to specify the language of other presentations generated from the data in the resource. Not all the content has to be in the base language. The Resource.language should not be assumed to apply to the narrative automatically. If a language is specified, it should it also be specified on the div element in the html (see rules in HTML5 for information about the relationship between xml:lang and the html lang attribute).","","","","","","","","",,"required","IETF language tag for a human language","http://hl7.org/fhir/ValueSet/all-languages|5.0.0","",,,,"Resource.language",0,1,"","ele-1:All FHIR elements must have a @value or children {hasValue() or (children().count() > id.count())}
"
"EpisodeOfCare.text","EpisodeOfCare.text","","narrative
htmlxhtmldisplay","",0,1,"","","","Narrative {[]} {[]}
","Text summary of the resource, for human interpretation","A human-readable narrative that contains a summary of the resource and can be used to represent the content of the resource to a human. The narrative need not encode all the structured data, but is required to contain sufficient detail to make it ""clinically safe"" for a human to just read the narrative. Resource definitions may define what content should be represented in the narrative to ensure clinical safety.","Contained resources do not have a narrative. Resources that are not contained SHOULD have a narrative. In some cases, a resource may only have text with little or no additional discrete data (as long as all minOccurs=1 elements are satisfied).  This may be necessary for data from legacy systems where information is captured as a ""text blob"" or where text is additionally entered raw or narrated and encoded information is added later.","","","","","","","","",,,,,"",,,,"DomainResource.text",0,1,"dom-6
","ele-1:All FHIR elements must have a @value or children {hasValue() or (children().count() > id.count())}
","Act.text?"
"EpisodeOfCare.contained","EpisodeOfCare.contained","","inline resources
anonymous resourcescontained resources","",0,*,"","","","Resource {[]} {[]}
","Contained, inline Resources","These resources do not have an independent existence apart from the resource that contains them - they cannot be identified independently, nor can they have their own independent transaction scope. This is allowed to be a Parameters resource if and only if it is referenced by a resource that provides context/meaning.","This should never be done when the content can be identified properly, as once identification is lost, it is extremely difficult (and context dependent) to restore it again. Contained resources may have profiles and tags in their meta elements, but SHALL NOT have security labels.","","","","","","","","",,,,,"",,,,"DomainResource.contained",0,*,"dom-2
dom-4dom-3dom-5","","N/A"
"EpisodeOfCare.extension","EpisodeOfCare.extension","","extensions
user content","",0,*,"","","","Extension {[]} {[]}
","Additional content defined by implementations","May be used to represent additional information that is not part of the basic definition of the resource. To make the use of extensions safe and managable, there is a strict set of governance applied to the definition and use of extensions. Though any implementer can define an extension, there is a set of requirements that SHALL be met as part of the definition of the extension.","There can be no stigma associated with the use of extensions by any application, project, or standard - regardless of the institution or jurisdiction that uses or defines the extensions.  The use of extensions is what allows the FHIR specification to retain a core level of simplicity for everyone.","","","","","","","","",,,,,"",,,,"DomainResource.extension",0,*,"","ele-1:All FHIR elements must have a @value or children {hasValue() or (children().count() > id.count())}
ext-1:Must have either extensions or value[x], not both {extension.exists() != value.exists()}","N/A"
"EpisodeOfCare.modifierExtension","EpisodeOfCare.modifierExtension","","extensions
user content","",0,*,"","Y","Y","Extension {[]} {[]}
","Extensions that cannot be ignored","May be used to represent additional information that is not part of the basic definition of the resource and that modifies the understanding of the element that contains it and/or the understanding of the containing element's descendants. Usually modifier elements provide negation or qualification. To make the use of extensions safe and managable, there is a strict set of governance applied to the definition and use of extensions. Though any implementer is allowed to define an extension, there is a set of requirements that SHALL be met as part of the definition of the extension. Applications processing a resource are required to check for modifier extensions.

Modifier extensions SHALL NOT change the meaning of any elements on Resource or DomainResource (including cannot change the meaning of modifierExtension itself).","There can be no stigma associated with the use of extensions by any application, project, or standard - regardless of the institution or jurisdiction that uses or defines the extensions.  The use of extensions is what allows the FHIR specification to retain a core level of simplicity for everyone.","Modifier extensions allow for extensions that *cannot* be safely ignored to be clearly distinguished from the vast majority of extensions which can be safely ignored.  This promotes interoperability by eliminating the need for implementers to prohibit the presence of extensions. For further information, see the [definition of modifier extensions](http://hl7.org/fhir/R5/extensibility.html#modifierExtension).","","","","","","","",,,,,"",,,,"DomainResource.modifierExtension",0,*,"","ele-1:All FHIR elements must have a @value or children {hasValue() or (children().count() > id.count())}
ext-1:Must have either extensions or value[x], not both {extension.exists() != value.exists()}","N/A"
"EpisodeOfCare.identifier","EpisodeOfCare.identifier","","","",1,*,"","","","Identifier {[]} {[]}
","(ee Episoodi identifikaator)","The EpisodeOfCare may be known by different identifiers for different contexts of use, such as when an external agency is tracking the Episode for funding purposes.","","","","","","","","","",,,,,"",,,,"EpisodeOfCare.identifier",0,*,"","ele-1:All FHIR elements must have a @value or children {hasValue() or (children().count() > id.count())}
","Event.identifier","FiveWs.identifier"
"EpisodeOfCare.identifier.id","EpisodeOfCare.identifier.id","","","",0,0,"","","","id {[]} {[]}
","Unique id for inter-element referencing","Unique id for the element within a resource (for internal references). This may be any string value that does not contain spaces.","","","","","","","","","",,,,,"",,,,"Element.id",0,1,"ele-1
","","n/a"
"EpisodeOfCare.identifier.extension","EpisodeOfCare.identifier.extension","","","",0,0,"","","","Extension {[]} {[]}
","Extension","An Extension","","","","","","","","","",,,,,"","value:url}
","Extensions are always sliced by (at least) url",,"open","Element.extension",0,*,"","ele-1:All FHIR elements must have a @value or children {hasValue() or (children().count() > id.count())}
ext-1:Must have either extensions or value[x], not both {extension.exists() != value.exists()}"
"EpisodeOfCare.identifier.use","EpisodeOfCare.identifier.use","","","",0,0,"","Y","Y","code {[]} {[]}
","usual | official | temp | secondary | old (If known)","The purpose of this identifier.","Applications can assume that an identifier is permanent unless it explicitly says that it is temporary.","Allows the appropriate identifier for a particular context of use to be selected from among a set of identifiers.","","","","","","","",,"required","Identifies the purpose for this identifier, if known .","http://hl7.org/fhir/ValueSet/identifier-use|5.0.0","",,,,"Identifier.use",0,1,"","ele-1:All FHIR elements must have a @value or children {hasValue() or (children().count() > id.count())}
","Role.code or implied by context"
"EpisodeOfCare.identifier.type","EpisodeOfCare.identifier.type","","","",0,0,"","","Y","CodeableConcept {[]} {[]}
","Description of identifier","A coded type for the identifier that can be used to determine which identifier to use for a specific purpose.","This element deals only with general categories of identifiers.  It SHOULD not be used for codes that correspond 1..1 with the Identifier.system. Some identifiers may fall into multiple categories due to common usage.   Where the system is known, a type is unnecessary because the type is always part of the system definition. However systems often need to handle identifiers where the system is not known. There is not a 1:1 relationship between type and system, since many different systems have the same type.","Allows users to make use of identifiers when the identifier system is not known.","","","","","","","",,"extensible","A coded type for an identifier that can be used to determine which identifier to use for a specific purpose.","http://hl7.org/fhir/ValueSet/identifier-type|5.0.0","",,,,"Identifier.type",0,1,"","ele-1:All FHIR elements must have a @value or children {hasValue() or (children().count() > id.count())}
","Role.code or implied by context"
"EpisodeOfCare.identifier.system","EpisodeOfCare.identifier.system","","","",0,1,"","","Y","uri {[]} {[]}
","The namespace for the identifier value","Establishes the namespace for the value - that is, an absolute URL that describes a set values that are unique.","Identifier.system is always case sensitive.","There are many sets  of identifiers.  To perform matching of two identifiers, we need to know what set we're dealing with. The system identifies a particular set of unique identifiers.","","","","","<valueUri xmlns=""http://hl7.org/fhir"" value=""http://www.acme.com/identifiers/patient""/>","","",,,,,"",,,,"Identifier.system",0,1,"","ele-1:All FHIR elements must have a @value or children {hasValue() or (children().count() > id.count())}
","II.root or Role.id.root"
"EpisodeOfCare.identifier.value","EpisodeOfCare.identifier.value","","","",0,1,"","","Y","string {[]} {[]}
","The value that is unique","The portion of the identifier typically relevant to the user and which is unique within the context of the system.","If the value is a full URI, then the system SHALL be urn:ietf:rfc:3986.  The value's primary purpose is computational mapping.  As a result, it may be normalized for comparison purposes (e.g. removing non-significant whitespace, dashes, etc.)  A value formatted for human display can be conveyed using the [http://hl7.org/fhir/StructureDefinition/rendered-value](http://hl7.org/fhir/extensions/StructureDefinition-rendered-value.html)). Identifier.value is to be treated as case sensitive unless knowledge of the Identifier.system allows the processer to be confident that non-case-sensitive processing is safe.","","","","","","<valueString xmlns=""http://hl7.org/fhir"" value=""123456""/>","","",,,,,"",,,,"Identifier.value",0,1,"ident-1
","ele-1:All FHIR elements must have a @value or children {hasValue() or (children().count() > id.count())}
","II.extension or II.root if system indicates OID or GUID (Or Role.id.extension or root)"
"EpisodeOfCare.identifier.period","EpisodeOfCare.identifier.period","","","",0,0,"","","Y","Period {[]} {[]}
","Time period when id is/was valid for use","Time period during which identifier is/was valid for use.","","","","","","","","","",,,,,"",,,,"Identifier.period",0,1,"","ele-1:All FHIR elements must have a @value or children {hasValue() or (children().count() > id.count())}
","Role.effectiveTime or implied by context"
"EpisodeOfCare.identifier.assigner","EpisodeOfCare.identifier.assigner","","","",0,0,"","","Y","Reference {[]} {[CanonicalType[http://hl7.org/fhir/StructureDefinition/Organization|5.0.0]]}
","Organization that issued id (may be just text)","Organization that issued/manages the identifier.","The Identifier.assigner may omit the .reference element and only contain a .display element reflecting the name or other textual information about the assigning organization.","","","","","","","","",,,,,"",,,,"Identifier.assigner",0,1,"","ele-1:All FHIR elements must have a @value or children {hasValue() or (children().count() > id.count())}
","II.assigningAuthorityName but note that this is an improper use by the definition of the field.  Also Role.scoper"
"EpisodeOfCare.status","EpisodeOfCare.status","","","",1,1,"","Y","Y","code {[]} {[]}
","planned | waitlist | active | onhold | finished | cancelled | entered-in-error","planned | waitlist | active | onhold | finished | cancelled.","This element is labeled as a modifier because the status contains codes that mark the episode as not currently valid.","","","","","","","","",,"required","The status of the episode of care.","http://hl7.org/fhir/ValueSet/episode-of-care-status|5.0.0","",,,,"EpisodeOfCare.status",1,1,"","ele-1:All FHIR elements must have a @value or children {hasValue() or (children().count() > id.count())}
","Event.status","FiveWs.status"
"EpisodeOfCare.statusHistory","EpisodeOfCare.statusHistory","","","",0,0,"","","","BackboneElement {[]} {[]}
","Past list of status codes (the current status may be included to cover the start date of the status)","The history of statuses that the EpisodeOfCare has been through (without requiring processing the history of the resource).","","","","","","","","","",,,,,"",,,,"EpisodeOfCare.statusHistory",0,*,"","ele-1:All FHIR elements must have a @value or children {hasValue() or (children().count() > id.count())}
"
"EpisodeOfCare.statusHistory.id","EpisodeOfCare.statusHistory.id","","","",0,1,"","","","string {[]} {[]}
","Unique id for inter-element referencing","Unique id for the element within a resource (for internal references). This may be any string value that does not contain spaces.","","","","","","","","","",,,,,"",,,,"Element.id",0,1,"ele-1
","","n/a"
"EpisodeOfCare.statusHistory.extension","EpisodeOfCare.statusHistory.extension","","extensions
user content","",0,*,"","","","Extension {[]} {[]}
","Additional content defined by implementations","May be used to represent additional information that is not part of the basic definition of the element. To make the use of extensions safe and managable, there is a strict set of governance applied to the definition and use of extensions. Though any implementer can define an extension, there is a set of requirements that SHALL be met as part of the definition of the extension.","There can be no stigma associated with the use of extensions by any application, project, or standard - regardless of the institution or jurisdiction that uses or defines the extensions.  The use of extensions is what allows the FHIR specification to retain a core level of simplicity for everyone.","","","","","","","","",,,,,"",,,,"Element.extension",0,*,"","ele-1:All FHIR elements must have a @value or children {hasValue() or (children().count() > id.count())}
ext-1:Must have either extensions or value[x], not both {extension.exists() != value.exists()}","n/a"
"EpisodeOfCare.statusHistory.modifierExtension","EpisodeOfCare.statusHistory.modifierExtension","","extensions
user contentmodifiers","",0,*,"","Y","Y","Extension {[]} {[]}
","Extensions that cannot be ignored even if unrecognized","May be used to represent additional information that is not part of the basic definition of the element and that modifies the understanding of the element in which it is contained and/or the understanding of the containing element's descendants. Usually modifier elements provide negation or qualification. To make the use of extensions safe and managable, there is a strict set of governance applied to the definition and use of extensions. Though any implementer can define an extension, there is a set of requirements that SHALL be met as part of the definition of the extension. Applications processing a resource are required to check for modifier extensions.

Modifier extensions SHALL NOT change the meaning of any elements on Resource or DomainResource (including cannot change the meaning of modifierExtension itself).","There can be no stigma associated with the use of extensions by any application, project, or standard - regardless of the institution or jurisdiction that uses or defines the extensions.  The use of extensions is what allows the FHIR specification to retain a core level of simplicity for everyone.","Modifier extensions allow for extensions that *cannot* be safely ignored to be clearly distinguished from the vast majority of extensions which can be safely ignored.  This promotes interoperability by eliminating the need for implementers to prohibit the presence of extensions. For further information, see the [definition of modifier extensions](http://hl7.org/fhir/R5/extensibility.html#modifierExtension).","","","","","","","",,,,,"",,,,"BackboneElement.modifierExtension",0,*,"","ele-1:All FHIR elements must have a @value or children {hasValue() or (children().count() > id.count())}
ext-1:Must have either extensions or value[x], not both {extension.exists() != value.exists()}","N/A"
"EpisodeOfCare.statusHistory.status","EpisodeOfCare.statusHistory.status","","","",1,1,"","","","code {[]} {[]}
","planned | waitlist | active | onhold | finished | cancelled | entered-in-error","planned | waitlist | active | onhold | finished | cancelled.","","","","","","","","","",,"required","The status of the episode of care.","http://hl7.org/fhir/ValueSet/episode-of-care-status|5.0.0","",,,,"EpisodeOfCare.statusHistory.status",1,1,"","ele-1:All FHIR elements must have a @value or children {hasValue() or (children().count() > id.count())}
"
"EpisodeOfCare.statusHistory.period","EpisodeOfCare.statusHistory.period","","","",1,1,"","","","Period {[]} {[]}
","Duration the EpisodeOfCare was in the specified status","The period during this EpisodeOfCare that the specific status applied.","","","","","","","","","",,,,,"",,,,"EpisodeOfCare.statusHistory.period",1,1,"","ele-1:All FHIR elements must have a @value or children {hasValue() or (children().count() > id.count())}
"
"EpisodeOfCare.type","EpisodeOfCare.type","","","",0,0,"","","Y","CodeableConcept {[]} {[]}
","(ee Episoodi tüüp, nt viljatusravi tsükkel)","A classification of the type of episode of care; e.g. specialist referral, disease management, type of funded care.","The type can be very important in processing as this could be used in determining if the EpisodeOfCare is relevant to specific government reporting, or other types of classifications.","","","","","","","","",,"example","The type of the episode of care.","http://hl7.org/fhir/ValueSet/episodeofcare-type|5.0.0","",,,,"EpisodeOfCare.type",0,*,"","ele-1:All FHIR elements must have a @value or children {hasValue() or (children().count() > id.count())}
","Event.code","FiveWs.class"
"EpisodeOfCare.reason","EpisodeOfCare.reason","","","",0,*,"","","Y","BackboneElement {[]} {[]}
","(ee KAS siia viide observationile?)","The list of medical reasons that are expected to be addressed during the episode of care.","The reason communicates what medical problem the patient has that should be addressed during the episode of care.  This reason could be patient reported complaint, a clinical indication that was determined in a previous encounter or episode of care, or some planned care such as an immunization recommendation.  In the case where you have a primary reason, but are expecting to also address other problems, you can list the primary reason with a use code of 'Chief Complaint', while the other problems being addressed would have a use code of 'Reason for Visit'.Examples: * pregnancy would use HealthcareService or a coding as the reason * patient home monitoring could use Condition as the reason","","","","","","","","",,,,,"",,,,"EpisodeOfCare.reason",0,*,"","ele-1:All FHIR elements must have a @value or children {hasValue() or (children().count() > id.count())}
"
"EpisodeOfCare.reason.id","EpisodeOfCare.reason.id","","","",0,0,"","","","string {[]} {[]}
","Unique id for inter-element referencing","Unique id for the element within a resource (for internal references). This may be any string value that does not contain spaces.","","","","","","","","","",,,,,"",,,,"Element.id",0,1,"ele-1
","","n/a"
"EpisodeOfCare.reason.extension","EpisodeOfCare.reason.extension","","","",0,0,"","","","Extension {[]} {[]}
","Extension","An Extension","","","","","","","","","",,,,,"",,,,"Element.extension",0,*,"","ele-1:All FHIR elements must have a @value or children {hasValue() or (children().count() > id.count())}
ext-1:Must have either extensions or value[x], not both {extension.exists() != value.exists()}"
"EpisodeOfCare.reason.modifierExtension","EpisodeOfCare.reason.modifierExtension","","extensions
user contentmodifiers","",0,*,"","Y","Y","Extension {[]} {[]}
","Extensions that cannot be ignored even if unrecognized","May be used to represent additional information that is not part of the basic definition of the element and that modifies the understanding of the element in which it is contained and/or the understanding of the containing element's descendants. Usually modifier elements provide negation or qualification. To make the use of extensions safe and managable, there is a strict set of governance applied to the definition and use of extensions. Though any implementer can define an extension, there is a set of requirements that SHALL be met as part of the definition of the extension. Applications processing a resource are required to check for modifier extensions.

Modifier extensions SHALL NOT change the meaning of any elements on Resource or DomainResource (including cannot change the meaning of modifierExtension itself).","There can be no stigma associated with the use of extensions by any application, project, or standard - regardless of the institution or jurisdiction that uses or defines the extensions.  The use of extensions is what allows the FHIR specification to retain a core level of simplicity for everyone.","Modifier extensions allow for extensions that *cannot* be safely ignored to be clearly distinguished from the vast majority of extensions which can be safely ignored.  This promotes interoperability by eliminating the need for implementers to prohibit the presence of extensions. For further information, see the [definition of modifier extensions](http://hl7.org/fhir/R5/extensibility.html#modifierExtension).","","","","","","","",,,,,"",,,,"BackboneElement.modifierExtension",0,*,"","ele-1:All FHIR elements must have a @value or children {hasValue() or (children().count() > id.count())}
ext-1:Must have either extensions or value[x], not both {extension.exists() != value.exists()}","N/A"
"EpisodeOfCare.reason.use","EpisodeOfCare.reason.use","","","",0,1,"","","Y","CodeableConcept {[]} {[]}
","What the reason value should be used for/as","What the reason value should be used as e.g. Chief Complaint, Health Concern, Health Maintenance (including screening).","","","","","","","","","",,"example","","http://hl7.org/fhir/ValueSet/encounter-reason-use|5.0.0","",,,,"EpisodeOfCare.reason.use",0,1,"","ele-1:All FHIR elements must have a @value or children {hasValue() or (children().count() > id.count())}
"
"EpisodeOfCare.reason.value","EpisodeOfCare.reason.value","","","",0,*,"","","Y","CodeableReference {[]} {[CanonicalType[http://hl7.org/fhir/StructureDefinition/Condition|5.0.0], CanonicalType[http://hl7.org/fhir/StructureDefinition/Procedure|5.0.0], CanonicalType[http://hl7.org/fhir/StructureDefinition/Observation|5.0.0], CanonicalType[http://hl7.org/fhir/StructureDefinition/HealthcareService|5.0.0]]}
","Medical reason to be addressed","The medical reason that is expected to be addressed during the episode of care, expressed as a text, code or a reference to another resource.","","","","","","","","","",,"example","","http://hl7.org/fhir/ValueSet/encounter-reason|5.0.0","",,,,"EpisodeOfCare.reason.value",0,*,"","ele-1:All FHIR elements must have a @value or children {hasValue() or (children().count() > id.count())}
","Event.reason","FiveWs.what[x]"
"EpisodeOfCare.diagnosis","EpisodeOfCare.diagnosis","","","",0,*,"","","Y","BackboneElement {[]} {[]}
","The list of medical conditions that were addressed during the episode of care","The list of medical conditions that were addressed during the episode of care.","The diagnosis communicates what medical conditions were actually addressed during the episode of care.  If a diagnosis was provided as a reason, and was treated during the episode of care, it may be listed in both EpisodeOfCare.reason and EpisodeOfCare.diagnosis.Diagnoses related to billing can be documented on the Account resources which supports ranking for the purpose of reimbursement.","","","","","","","","",,,,,"",,,,"EpisodeOfCare.diagnosis",0,*,"","ele-1:All FHIR elements must have a @value or children {hasValue() or (children().count() > id.count())}
"
"EpisodeOfCare.diagnosis.id","EpisodeOfCare.diagnosis.id","","","",0,0,"","","","string {[]} {[]}
","Unique id for inter-element referencing","Unique id for the element within a resource (for internal references). This may be any string value that does not contain spaces.","","","","","","","","","",,,,,"",,,,"Element.id",0,1,"ele-1
","","n/a"
"EpisodeOfCare.diagnosis.extension","EpisodeOfCare.diagnosis.extension","","","",0,0,"","","","Extension {[]} {[]}
","Extension","An Extension","","","","","","","","","",,,,,"",,,,"Element.extension",0,*,"","ele-1:All FHIR elements must have a @value or children {hasValue() or (children().count() > id.count())}
ext-1:Must have either extensions or value[x], not both {extension.exists() != value.exists()}"
"EpisodeOfCare.diagnosis.modifierExtension","EpisodeOfCare.diagnosis.modifierExtension","","","",0,0,"","Y","Y","Extension {[]} {[]}
","Extension","An Extension","","","","","","","","","",,,,,"",,,,"BackboneElement.modifierExtension",0,*,"","ele-1:All FHIR elements must have a @value or children {hasValue() or (children().count() > id.count())}
ext-1:Must have either extensions or value[x], not both {extension.exists() != value.exists()}"
"EpisodeOfCare.diagnosis.condition","EpisodeOfCare.diagnosis.condition","","","",1,*,"","","Y","CodeableReference {[]} {[CanonicalType[https://fhir.ee/vris/StructureDefinition/ee-vris-condition-pregnancy]]}
","The medical condition that was addressed during the episode of care","The medical condition that was addressed during the episode of care, expressed as a text, code or a reference to another resource.","","","","","","","","","",,"example","","http://hl7.org/fhir/ValueSet/condition-code|5.0.0","",,,,"EpisodeOfCare.diagnosis.condition",0,*,"","ele-1:All FHIR elements must have a @value or children {hasValue() or (children().count() > id.count())}
","Event.reason","FiveWs.what[x]"
"EpisodeOfCare.diagnosis.use","EpisodeOfCare.diagnosis.use","","","",0,1,"","","Y","CodeableConcept {[]} {[]}
","Role that this diagnosis has within the episode of care (e.g. admission, billing, discharge …)","Role that this diagnosis has within the episode of care (e.g. admission, billing, discharge …).","","","","","","","","","",,"preferred","The type of diagnosis this condition represents.","http://hl7.org/fhir/ValueSet/encounter-diagnosis-use|5.0.0","",,,,"EpisodeOfCare.diagnosis.use",0,1,"","ele-1:All FHIR elements must have a @value or children {hasValue() or (children().count() > id.count())}
"
"EpisodeOfCare.patient","EpisodeOfCare.patient","","","",1,1,"","","Y","Reference {[]} {[CanonicalType[https://fhir.ee/vris/StructureDefinition/ee-vris-recipient], CanonicalType[https://fhir.ee/mpi/StructureDefinition/ee-mpi-patient-verified]]}
","The patient who is the focus of this episode of care","The patient who is the focus of this episode of care.","","","","","","","","","",,,,,"",,,,"EpisodeOfCare.patient",1,1,"","ele-1:All FHIR elements must have a @value or children {hasValue() or (children().count() > id.count())}
","Event.subject","FiveWs.subject[x]"
"EpisodeOfCare.managingOrganization","EpisodeOfCare.managingOrganization","","","",1,1,"","","Y","Reference {[]} {[CanonicalType[http://hl7.org/fhir/StructureDefinition/Organization|5.0.0]]}
","(ee Vastutav organisatsioon, viide SPD-le)","The organization that has assumed the specific responsibilities for care coordination, care delivery, or other services for the specified duration.","If multiple organizations are involved in care delivery, the care teams from those organizations would be represented in EpisodeOfCare.team, while the primary organization managing the care would be listed in EpisodeOfCare.managingOrganization.   Other organizations may have their own EpisodeOfCare for tracking their activities.","","","","","","","","",,,,,"",,,,"EpisodeOfCare.managingOrganization",0,1,"","ele-1:All FHIR elements must have a @value or children {hasValue() or (children().count() > id.count())}
","Event.performer.actor"
"EpisodeOfCare.period","EpisodeOfCare.period","","","",1,1,"","","Y","Period {[]} {[]}
","(ee Episoodi periood: algus ja lõpp)","The interval during which the managing organization assumes the defined responsibility.","","","","","","","","","",,,,,"",,,,"EpisodeOfCare.period",0,1,"","ele-1:All FHIR elements must have a @value or children {hasValue() or (children().count() > id.count())}
","Event.occurrence[x]","FiveWs.init"
"EpisodeOfCare.period.id","EpisodeOfCare.period.id","","","",0,0,"","","","id {[]} {[]}
","Unique id for inter-element referencing","Unique id for the element within a resource (for internal references). This may be any string value that does not contain spaces.","","","","","","","","","",,,,,"",,,,"Element.id",0,1,"ele-1
","","n/a"
"EpisodeOfCare.period.extension","EpisodeOfCare.period.extension","","","",0,0,"","","","Extension {[]} {[]}
","Extension","An Extension","","","","","","","","","",,,,,"","value:url}
","Extensions are always sliced by (at least) url",,"open","Element.extension",0,*,"","ele-1:All FHIR elements must have a @value or children {hasValue() or (children().count() > id.count())}
ext-1:Must have either extensions or value[x], not both {extension.exists() != value.exists()}"
"EpisodeOfCare.period.start","EpisodeOfCare.period.start","","","",1,1,"","","Y","dateTime {[]} {[]}
","Starting time with inclusive boundary","The start of the period. The boundary is inclusive.","If the low element is missing, the meaning is that the low boundary is not known.","","","","","","","","",,,,,"",,,,"Period.start",0,1,"per-1
","ele-1:All FHIR elements must have a @value or children {hasValue() or (children().count() > id.count())}
","./low"
"EpisodeOfCare.period.end","EpisodeOfCare.period.end","","","",0,1,"","","Y","dateTime {[]} {[]}
","End time with inclusive boundary, if not ongoing","The end of the period. If the end of the period is missing, it means no end was known or planned at the time the instance was created. The start may be in the past, and the end date in the future, which means that period is expected/planned to end at that time.","The end value includes any matching date/time. i.e. 2012-02-03T10:00:00 is in a period that has an end value of 2012-02-03.","","","If the end of the period is missing, it means that the period is ongoing","","","","","",,,,,"",,,,"Period.end",0,1,"per-1
","ele-1:All FHIR elements must have a @value or children {hasValue() or (children().count() > id.count())}
","./high"
"EpisodeOfCare.referralRequest","EpisodeOfCare.referralRequest","","","",0,0,"","","","Reference {[]} {[CanonicalType[http://hl7.org/fhir/StructureDefinition/ServiceRequest|5.0.0]]}
","Originating Referral Request(s)","Referral Request(s) that are fulfilled by this EpisodeOfCare, incoming referrals.","","","","","","","","","",,,,,"",,,,"EpisodeOfCare.referralRequest",0,*,"","ele-1:All FHIR elements must have a @value or children {hasValue() or (children().count() > id.count())}
","Event.basedOn"
"EpisodeOfCare.careManager","EpisodeOfCare.careManager","","","",0,0,"","","","Reference {[]} {[CanonicalType[http://hl7.org/fhir/StructureDefinition/Practitioner|5.0.0], CanonicalType[http://hl7.org/fhir/StructureDefinition/PractitionerRole|5.0.0]]}
","(ee Vastutav arst, viide SPD-le)","The practitioner that is the care manager/care coordinator for this patient.","","","","","","","","","",,,,,"",,,,"EpisodeOfCare.careManager",0,1,"","ele-1:All FHIR elements must have a @value or children {hasValue() or (children().count() > id.count())}
","Event.performer.actor"
"EpisodeOfCare.careTeam","EpisodeOfCare.careTeam","","CareTeam
","",0,0,"","","","Reference {[]} {[CanonicalType[http://hl7.org/fhir/StructureDefinition/CareTeam|5.0.0]]}
","Other practitioners facilitating this episode of care","The list of practitioners that may be facilitating this episode of care for specific purposes.","","","","","","","","","",,,,,"",,,,"EpisodeOfCare.careTeam",0,*,"","ele-1:All FHIR elements must have a @value or children {hasValue() or (children().count() > id.count())}
","Event.performer.actor"
"EpisodeOfCare.account","EpisodeOfCare.account","","","",0,0,"","","","Reference {[]} {[CanonicalType[http://hl7.org/fhir/StructureDefinition/Account|5.0.0]]}
","The set of accounts that may be used for billing for this EpisodeOfCare","The set of accounts that may be used for billing for this EpisodeOfCare.","The billing system may choose to allocate billable items associated with the EpisodeOfCare to different referenced Accounts based on internal business rules.","","","","","","","","",,,,,"",,,,"EpisodeOfCare.account",0,*,"","ele-1:All FHIR elements must have a @value or children {hasValue() or (children().count() > id.count())}
"
