"Id","Path","Slice Name","Alias(s)","Label","Min","Max","Must Support?","Is Modifier?","Is Summary?","Type(s)","Short","Definition","Comments","Requirements","Default Value","Meaning When Missing","Fixed Value","Pattern","Example","Minimum Value","Maximum Value","Maximum Length","Binding Strength","Binding Description","Binding Value Set","Code","Slicing Discriminator","Slicing Description","Slicing Ordered","Slicing Rules","Base Path","Base Min","Base Max","Condition(s)","Constraint(s)","Mapping: FiveWs Pattern Mapping","Mapping: RIM Mapping","Mapping: ISBT 128 Codes","Mapping: HL7 V2 Mapping"
"BiologicallyDerivedProduct","BiologicallyDerivedProduct","","","",0,*,"","","","null {[]} {[]}
","This resource reflects an instance of a biologically derived product","This resource reflects an instance of a biologically derived product. A material substance originating from a biological entity intended to be transplanted or infused
into another (possibly the same) biological entity.","Substances include, but are not limited to: whole blood, bone marrow, organs, and manipulated blood cells.","","","","","","","","",,,,,"",,,,"BiologicallyDerivedProduct",0,*,"","dom-2:If the resource is contained in another resource, it SHALL NOT contain nested Resources {contained.contained.empty()}
dom-3:If the resource is contained in another resource, it SHALL be referred to from elsewhere in the resource or SHALL refer to the containing resource {contained.where((('#'+id in (%resource.descendants().reference | %resource.descendants().ofType(canonical) | %resource.descendants().ofType(uri) | %resource.descendants().ofType(url))) or descendants().where(reference = '#').exists() or descendants().where(ofType(canonical) = '#').exists() or descendants().where(ofType(canonical) = '#').exists()).not()).trace('unmatched', id).empty()}dom-4:If a resource is contained in another resource, it SHALL NOT have a meta.versionId or a meta.lastUpdated {contained.meta.versionId.empty() and contained.meta.lastUpdated.empty()}dom-5:If a resource is contained in another resource, it SHALL NOT have a security label {contained.meta.security.empty()}dom-6:A resource should have narrative for robust management {text.`div`.exists()}","clinical.general","Entity, Role, or Act,Material[classCode=                       Observation[classCode=OBS, moodCode=EVN]"
"BiologicallyDerivedProduct.id","BiologicallyDerivedProduct.id","","","",0,1,"","","Y","id {[]} {[]}
","Logical id of this artifact","The logical id of the resource, as used in the URL for the resource. Once assigned, this value never changes.","Within the context of the FHIR RESTful interactions, the resource has an id except for cases like the create and conditional update. Otherwise, the use of the resouce id depends on the given use case.","","","","","","","","",,,,,"",,,,"Resource.id",0,1,"",""
"BiologicallyDerivedProduct.meta","BiologicallyDerivedProduct.meta","","","",0,1,"","","Y","Meta {[]} {[]}
","Metadata about the resource","The metadata about the resource. This is content that is maintained by the infrastructure. Changes to the content might not always be associated with version changes to the resource.","","","","","","","","","",,,,,"",,,,"Resource.meta",0,1,"","ele-1:All FHIR elements must have a @value or children {hasValue() or (children().count() > id.count())}
"
"BiologicallyDerivedProduct.implicitRules","BiologicallyDerivedProduct.implicitRules","","","",0,1,"","Y","Y","uri {[]} {[]}
","A set of rules under which this content was created","A reference to a set of rules that were followed when the resource was constructed, and which must be understood when processing the content. Often, this is a reference to an implementation guide that defines the special rules along with other profiles etc.","Asserting this rule set restricts the content to be only understood by a limited set of trading partners. This inherently limits the usefulness of the data in the long term. However, the existing health eco-system is highly fractured, and not yet ready to define, collect, and exchange data in a generally computable sense. Wherever possible, implementers and/or specification writers should avoid using this element. Often, when used, the URL is a reference to an implementation guide that defines these special rules as part of its narrative along with other profiles, value sets, etc.","","","","","","","","",,,,,"",,,,"Resource.implicitRules",0,1,"","ele-1:All FHIR elements must have a @value or children {hasValue() or (children().count() > id.count())}
"
"BiologicallyDerivedProduct.language","BiologicallyDerivedProduct.language","","","",0,1,"","","","code {[]} {[]}
","Language of the resource content","The base language in which the resource is written.","Language is provided to support indexing and accessibility (typically, services such as text to speech use the language tag). The html language tag in the narrative applies  to the narrative. The language tag on the resource may be used to specify the language of other presentations generated from the data in the resource. Not all the content has to be in the base language. The Resource.language should not be assumed to apply to the narrative automatically. If a language is specified, it should it also be specified on the div element in the html (see rules in HTML5 for information about the relationship between xml:lang and the html lang attribute).","","","","","","","","",,"required","IETF language tag for a human language","http://hl7.org/fhir/ValueSet/all-languages|5.0.0","",,,,"Resource.language",0,1,"","ele-1:All FHIR elements must have a @value or children {hasValue() or (children().count() > id.count())}
"
"BiologicallyDerivedProduct.text","BiologicallyDerivedProduct.text","","narrative
htmlxhtmldisplay","",0,1,"","","","Narrative {[]} {[]}
","Text summary of the resource, for human interpretation","A human-readable narrative that contains a summary of the resource and can be used to represent the content of the resource to a human. The narrative need not encode all the structured data, but is required to contain sufficient detail to make it ""clinically safe"" for a human to just read the narrative. Resource definitions may define what content should be represented in the narrative to ensure clinical safety.","Contained resources do not have a narrative. Resources that are not contained SHOULD have a narrative. In some cases, a resource may only have text with little or no additional discrete data (as long as all minOccurs=1 elements are satisfied).  This may be necessary for data from legacy systems where information is captured as a ""text blob"" or where text is additionally entered raw or narrated and encoded information is added later.","","","","","","","","",,,,,"",,,,"DomainResource.text",0,1,"dom-6
","ele-1:All FHIR elements must have a @value or children {hasValue() or (children().count() > id.count())}
","Act.text?"
"BiologicallyDerivedProduct.contained","BiologicallyDerivedProduct.contained","","inline resources
anonymous resourcescontained resources","",0,*,"","","","Resource {[]} {[]}
","Contained, inline Resources","These resources do not have an independent existence apart from the resource that contains them - they cannot be identified independently, nor can they have their own independent transaction scope. This is allowed to be a Parameters resource if and only if it is referenced by a resource that provides context/meaning.","This should never be done when the content can be identified properly, as once identification is lost, it is extremely difficult (and context dependent) to restore it again. Contained resources may have profiles and tags in their meta elements, but SHALL NOT have security labels.","","","","","","","","",,,,,"",,,,"DomainResource.contained",0,*,"dom-2
dom-4dom-3dom-5","","N/A"
"BiologicallyDerivedProduct.extension","BiologicallyDerivedProduct.extension","","","",0,*,"","","","Extension {[]} {[]}
","Extension","An Extension","","","","","","","","","",,,,,"","value:url}
","",,"open","DomainResource.extension",0,*,"","ele-1:All FHIR elements must have a @value or children {hasValue() or (children().count() > id.count())}
ext-1:Must have either extensions or value[x], not both {extension.exists() != value.exists()}"
"BiologicallyDerivedProduct.extension:cryopreservationDate","BiologicallyDerivedProduct.extension","cryopreservationDate","","",0,1,"","","","Extension {[CanonicalType[https://fhir.ee/vris/StructureDefinition/ee-vris-cryopreservation-date]]} {[]}
","(ee Külmutamise kuupäev)","Bioloogilise materjali külmutamise kuupäev","","","","","","","","","",,,,,"",,,,"DomainResource.extension",0,*,"","ele-1:All FHIR elements must have a @value or children {hasValue() or (children().count() > id.count())}
ext-1:Must have either extensions or value[x], not both {extension.exists() != value.exists()}"
"BiologicallyDerivedProduct.extension:cryopreservationReason","BiologicallyDerivedProduct.extension","cryopreservationReason","","",0,1,"","","","Extension {[CanonicalType[https://fhir.ee/vris/StructureDefinition/ee-vris-cell-preservation-reason]]} {[]}
","(ee Külmutamise põhjus, nt enne onkoloogilist ravi)","An Extension","","","","","","","","","",,,,,"",,,,"DomainResource.extension",0,*,"","ele-1:All FHIR elements must have a @value or children {hasValue() or (children().count() > id.count())}
ext-1:Must have either extensions or value[x], not both {extension.exists() != value.exists()}"
"BiologicallyDerivedProduct.extension:recipient","BiologicallyDerivedProduct.extension","recipient","","",0,1,"","","","Extension {[CanonicalType[http://hl7.org/fhir/StructureDefinition/biologicallyderivedproduct-intendedRecipient]]} {[]}
","(ee Retsipiendi viide. Tavaliselt on retsipient sama isik kes doonor (autoloogne säilitamine).)","The biologicallyderivedproduct-intendedRecipient extension can be used to record the intended recipient of the BiologicallyDerivedProduct to satisfy product traceability requirements, and does not represent administration, nor does it prevent administration to a different recipient at a future date. Further detail on the traceability requirements can be found in the BiologicallyDerivedProduct resource [Intended Recipients](http://hl7.org/fhir/biologicallyderivedproduct.html#intendedrecipient).","The biologicallyderivedproduct-intendedRecipient extension and BiologicallyDerivedProduct.collection.sourcePatient can contain references to identifiable patients. Implementers shall ensure the appropriate data access controls are established.","","","","","","","","",,,,,"",,,,"DomainResource.extension",0,*,"","ele-1:All FHIR elements must have a @value or children {hasValue() or (children().count() > id.count())}
ext-1:Must have either extensions or value[x], not both {extension.exists() != value.exists()}"
"BiologicallyDerivedProduct.modifierExtension","BiologicallyDerivedProduct.modifierExtension","","extensions
user content","",0,*,"","Y","Y","Extension {[]} {[]}
","Extensions that cannot be ignored","May be used to represent additional information that is not part of the basic definition of the resource and that modifies the understanding of the element that contains it and/or the understanding of the containing element's descendants. Usually modifier elements provide negation or qualification. To make the use of extensions safe and managable, there is a strict set of governance applied to the definition and use of extensions. Though any implementer is allowed to define an extension, there is a set of requirements that SHALL be met as part of the definition of the extension. Applications processing a resource are required to check for modifier extensions.

Modifier extensions SHALL NOT change the meaning of any elements on Resource or DomainResource (including cannot change the meaning of modifierExtension itself).","There can be no stigma associated with the use of extensions by any application, project, or standard - regardless of the institution or jurisdiction that uses or defines the extensions.  The use of extensions is what allows the FHIR specification to retain a core level of simplicity for everyone.","Modifier extensions allow for extensions that *cannot* be safely ignored to be clearly distinguished from the vast majority of extensions which can be safely ignored.  This promotes interoperability by eliminating the need for implementers to prohibit the presence of extensions. For further information, see the [definition of modifier extensions](http://hl7.org/fhir/R5/extensibility.html#modifierExtension).","","","","","","","",,,,,"",,,,"DomainResource.modifierExtension",0,*,"","ele-1:All FHIR elements must have a @value or children {hasValue() or (children().count() > id.count())}
ext-1:Must have either extensions or value[x], not both {extension.exists() != value.exists()}","N/A"
"BiologicallyDerivedProduct.productCategory","BiologicallyDerivedProduct.productCategory","","","",0,1,"","","","Coding {[]} {[]}
","(ee Toote kategooria, kude (tissue) KAS SEDA ON  VAJA????)","Broad category of this product.","","","","","","","","","",,"example","Biologically Derived Product Category.","http://hl7.org/fhir/ValueSet/product-category|5.0.0","",,,,"BiologicallyDerivedProduct.productCategory",0,1,"","ele-1:All FHIR elements must have a @value or children {hasValue() or (children().count() > id.count())}
"
"BiologicallyDerivedProduct.productCode","BiologicallyDerivedProduct.productCode","","","",1,1,"","","","CodeableConcept {[]} {[]}
","(ee Munandi kude või munasarja kude. NB! Vaja loendit!)","A codified value that systematically supports characterization and classification of medical products of human origin inclusive of processing conditions such as additives, volumes and handling conditions.","","","","","","","","","",,"required","","https://fhir.ee/ValueSet/vris-bioloogilise-materjali-liik","",,,,"BiologicallyDerivedProduct.productCode",0,1,"","ele-1:All FHIR elements must have a @value or children {hasValue() or (children().count() > id.count())}
","Product Description Code. Required for ISBT 128 labeled products"
"BiologicallyDerivedProduct.parent","BiologicallyDerivedProduct.parent","","","",0,0,"","","","Reference {[]} {[CanonicalType[http://hl7.org/fhir/StructureDefinition/BiologicallyDerivedProduct|5.0.0]]}
","The parent biologically-derived product","Parent product (if any) for this biologically-derived product.","For products that have multiple collections. For example Peripheral Blood Stem Cells may be collected over several days from a single donor and the donation split into in multiple containers which must be linked to the parent donation.","","","","","","","","",,,,,"",,,,"BiologicallyDerivedProduct.parent",0,*,"","ele-1:All FHIR elements must have a @value or children {hasValue() or (children().count() > id.count())}
"
"BiologicallyDerivedProduct.request","BiologicallyDerivedProduct.request","","","",0,0,"","","","Reference {[]} {[CanonicalType[http://hl7.org/fhir/StructureDefinition/ServiceRequest|5.0.0]]}
","Request to obtain and/or infuse this product","Request to obtain and/or infuse this biologically derived product.","","","","","","","","","",,,,,"",,,,"BiologicallyDerivedProduct.request",0,*,"","ele-1:All FHIR elements must have a @value or children {hasValue() or (children().count() > id.count())}
"
"BiologicallyDerivedProduct.identifier","BiologicallyDerivedProduct.identifier","","","",0,*,"","","Y","Identifier {[]} {[]}
","Instance identifier","Unique instance identifiers assigned to a biologically derived product. Note: This is a business identifier, not a resource identifier.","This identifier should uniquely identify the product instance in the business domain.  Ideally it should be a globally unique identifier under the control of an ISO/IEC 15459 Issuing Agency.","","","","","","","","",,,,,"",,,,"BiologicallyDerivedProduct.identifier",0,*,"","ele-1:All FHIR elements must have a @value or children {hasValue() or (children().count() > id.count())}
","FiveWs.identifier","id","MPHO Unique Identifier. Required for ISBT 128 labeled products","IAM-7"
"BiologicallyDerivedProduct.biologicalSourceEvent","BiologicallyDerivedProduct.biologicalSourceEvent","","","",0,1,"","","Y","Identifier {[]} {[]}
","(ee Kas selle kaudu saaks viidata KOGUMISELE/biopsiale vm protseduurile?)","An identifier that supports traceability to the event during which material in this product from one or more biological entities was obtained or pooled.","Necessary to support mandatory requirements for traceability from donor/source to recipient and vice versa, while also satisfying donor anonymity requirements. The element is defined consistently across BiologicallyDerivedProduct, NutritionProduct, and Device.  The identifier references an event that links to a single biological entity such as a blood donor, or to multiple biological entities (e.g. when the product is an embryo or a pooled platelet product).  A single biologicalSourceEvent identifier may appear on multiple products of many types derived from a single donation event or source extraction.  As an example, a single donation event may provide 2 kidneys and a liver for organ transplantation, 2 corneas for eye surgery, heart valves and arterial tissue for cardiovascular surgery, multiple skin grafts, tendons, multiple shaped bone grafts and a large number of bone putty/paste products; and each of them may be assigned to the same biological source event identifier.","","","","","","","","",,,,,"",,,,"BiologicallyDerivedProduct.biologicalSourceEvent",0,1,"","ele-1:All FHIR elements must have a @value or children {hasValue() or (children().count() > id.count())}
","FiveWs.identifier","Donation Identification Number. Required for ISBT 128 labeled products"
"BiologicallyDerivedProduct.processingFacility","BiologicallyDerivedProduct.processingFacility","","","",0,*,"","","","Reference {[]} {[CanonicalType[http://hl7.org/fhir/StructureDefinition/Organization|5.0.0]]}
","Processing facilities responsible for the labeling and distribution of this biologically derived product","Processing facilities responsible for the labeling and distribution of this biologically derived product.","","","","","","","","","",,,,,"",,,,"BiologicallyDerivedProduct.processingFacility",0,*,"","ele-1:All FHIR elements must have a @value or children {hasValue() or (children().count() > id.count())}
","Processing Facility Identification Number"
"BiologicallyDerivedProduct.division","BiologicallyDerivedProduct.division","","","",0,1,"","","","string {[]} {[]}
","(ee KAS seda saaks kasutada osaproovide/koetükkide identifikaatoriks?)","A unique identifier for an aliquot of a product.  Used to distinguish individual aliquots of a product carrying the same biologicalSource and productCode identifiers.","","","","","","","","","",,,,,"",,,,"BiologicallyDerivedProduct.division",0,1,"","ele-1:All FHIR elements must have a @value or children {hasValue() or (children().count() > id.count())}
","Division Identifier. Required for ISBT 128 labeled products"
"BiologicallyDerivedProduct.productStatus","BiologicallyDerivedProduct.productStatus","","","",1,1,"","","","Coding {[]} {[]}
","available | unavailable","Whether the product is currently available.","","","","","","","","","",,"example","Biologically Derived Product Status.","http://hl7.org/fhir/ValueSet/biologicallyderived-product-status|5.0.0","",,,,"BiologicallyDerivedProduct.productStatus",0,1,"","ele-1:All FHIR elements must have a @value or children {hasValue() or (children().count() > id.count())}
"
"BiologicallyDerivedProduct.expirationDate","BiologicallyDerivedProduct.expirationDate","","","",0,0,"","","","dateTime {[]} {[]}
","Date, and where relevant time, of expiration","Date, and where relevant time, of expiration.","","","","","","","","","",,,,,"",,,,"BiologicallyDerivedProduct.expirationDate",0,1,"","ele-1:All FHIR elements must have a @value or children {hasValue() or (children().count() > id.count())}
","Expiration Date and Time ISO"
"BiologicallyDerivedProduct.collection","BiologicallyDerivedProduct.collection","","","",1,1,"","","","BackboneElement {[]} {[]}
","How this product was collected","How this product was collected.","","","","","","","","","",,,,,"",,,,"BiologicallyDerivedProduct.collection",0,1,"","ele-1:All FHIR elements must have a @value or children {hasValue() or (children().count() > id.count())}
"
"BiologicallyDerivedProduct.collection.id","BiologicallyDerivedProduct.collection.id","","","",0,1,"","","","string {[]} {[]}
","Unique id for inter-element referencing","Unique id for the element within a resource (for internal references). This may be any string value that does not contain spaces.","","","","","","","","","",,,,,"",,,,"Element.id",0,1,"ele-1
","","n/a"
"BiologicallyDerivedProduct.collection.extension","BiologicallyDerivedProduct.collection.extension","","extensions
user content","",0,*,"","","","Extension {[]} {[]}
","Additional content defined by implementations","May be used to represent additional information that is not part of the basic definition of the element. To make the use of extensions safe and managable, there is a strict set of governance applied to the definition and use of extensions. Though any implementer can define an extension, there is a set of requirements that SHALL be met as part of the definition of the extension.","There can be no stigma associated with the use of extensions by any application, project, or standard - regardless of the institution or jurisdiction that uses or defines the extensions.  The use of extensions is what allows the FHIR specification to retain a core level of simplicity for everyone.","","","","","","","","",,,,,"",,,,"Element.extension",0,*,"","ele-1:All FHIR elements must have a @value or children {hasValue() or (children().count() > id.count())}
ext-1:Must have either extensions or value[x], not both {extension.exists() != value.exists()}","n/a"
"BiologicallyDerivedProduct.collection.modifierExtension","BiologicallyDerivedProduct.collection.modifierExtension","","extensions
user contentmodifiers","",0,*,"","Y","Y","Extension {[]} {[]}
","Extensions that cannot be ignored even if unrecognized","May be used to represent additional information that is not part of the basic definition of the element and that modifies the understanding of the element in which it is contained and/or the understanding of the containing element's descendants. Usually modifier elements provide negation or qualification. To make the use of extensions safe and managable, there is a strict set of governance applied to the definition and use of extensions. Though any implementer can define an extension, there is a set of requirements that SHALL be met as part of the definition of the extension. Applications processing a resource are required to check for modifier extensions.

Modifier extensions SHALL NOT change the meaning of any elements on Resource or DomainResource (including cannot change the meaning of modifierExtension itself).","There can be no stigma associated with the use of extensions by any application, project, or standard - regardless of the institution or jurisdiction that uses or defines the extensions.  The use of extensions is what allows the FHIR specification to retain a core level of simplicity for everyone.","Modifier extensions allow for extensions that *cannot* be safely ignored to be clearly distinguished from the vast majority of extensions which can be safely ignored.  This promotes interoperability by eliminating the need for implementers to prohibit the presence of extensions. For further information, see the [definition of modifier extensions](http://hl7.org/fhir/R5/extensibility.html#modifierExtension).","","","","","","","",,,,,"",,,,"BackboneElement.modifierExtension",0,*,"","ele-1:All FHIR elements must have a @value or children {hasValue() or (children().count() > id.count())}
ext-1:Must have either extensions or value[x], not both {extension.exists() != value.exists()}","N/A"
"BiologicallyDerivedProduct.collection.collector","BiologicallyDerivedProduct.collection.collector","","","",0,1,"","","","Reference {[]} {[CanonicalType[http://hl7.org/fhir/StructureDefinition/Practitioner|5.0.0], CanonicalType[http://hl7.org/fhir/StructureDefinition/PractitionerRole|5.0.0]]}
","(ee Kude koguv tervishoiutöötaja)","Healthcare professional who is performing the collection.","","","","","","","","","",,,,,"",,,,"BiologicallyDerivedProduct.collection.collector",0,1,"","ele-1:All FHIR elements must have a @value or children {hasValue() or (children().count() > id.count())}
"
"BiologicallyDerivedProduct.collection.source","BiologicallyDerivedProduct.collection.source","","","",1,1,"","","","Reference {[]} {[CanonicalType[https://fhir.ee/vris/StructureDefinition/ee-vris-donor], CanonicalType[https://fhir.ee/vris/StructureDefinition/ee-vris-recipient]]}
","(ee Doonori/patsiendi viide, kellelt kude kogutud. Sama isik on doonor ja tulevane retsipient?)","The patient or entity, such as a hospital or vendor in the case of a processed/manipulated/manufactured product, providing the product.","","","","","","","","","",,,,,"",,,,"BiologicallyDerivedProduct.collection.source",0,1,"","ele-1:All FHIR elements must have a @value or children {hasValue() or (children().count() > id.count())}
","Global Registration Identifier for Donors"
"BiologicallyDerivedProduct.collection.collected[x]","BiologicallyDerivedProduct.collection.collected[x]","","","",0,1,"","","","dateTime {[]} {[]}
Period {[]} {[]}","Time of product collection","Time of product collection.","","","","","","","","","",,,,,"",,,,"BiologicallyDerivedProduct.collection.collected[x]",0,1,"","ele-1:All FHIR elements must have a @value or children {hasValue() or (children().count() > id.count())}
"
"BiologicallyDerivedProduct.storageTempRequirements","BiologicallyDerivedProduct.storageTempRequirements","","","",0,0,"","","","Range {[]} {[]}
","Product storage temperature requirements","The temperature requirements for storage of the biologically-derived product.","May be extracted from information held in the Product Description Code.","","","","","","","","",,,,,"",,,,"BiologicallyDerivedProduct.storageTempRequirements",0,1,"","ele-1:All FHIR elements must have a @value or children {hasValue() or (children().count() > id.count())}
"
"BiologicallyDerivedProduct.property","BiologicallyDerivedProduct.property","","","",0,*,"","","","BackboneElement {[]} {[]}
","A property that is specific to this BiologicallyDerviedProduct instance","A property that is specific to this BiologicallyDerviedProduct instance.","Property can be used to provide information on a wide range of additional information specific to a particular biologicallyDerivedProduct.","","","","","","","","",,,,,"","value:type.coding}
","(ee Bioloogilise materjali (koe) omadused)",,"open","BiologicallyDerivedProduct.property",0,*,"","ele-1:All FHIR elements must have a @value or children {hasValue() or (children().count() > id.count())}
"
"BiologicallyDerivedProduct.property.id","BiologicallyDerivedProduct.property.id","","","",0,1,"","","","string {[]} {[]}
","Unique id for inter-element referencing","Unique id for the element within a resource (for internal references). This may be any string value that does not contain spaces.","","","","","","","","","",,,,,"",,,,"Element.id",0,1,"ele-1
","","n/a"
"BiologicallyDerivedProduct.property.extension","BiologicallyDerivedProduct.property.extension","","extensions
user content","",0,*,"","","","Extension {[]} {[]}
","Additional content defined by implementations","May be used to represent additional information that is not part of the basic definition of the element. To make the use of extensions safe and managable, there is a strict set of governance applied to the definition and use of extensions. Though any implementer can define an extension, there is a set of requirements that SHALL be met as part of the definition of the extension.","There can be no stigma associated with the use of extensions by any application, project, or standard - regardless of the institution or jurisdiction that uses or defines the extensions.  The use of extensions is what allows the FHIR specification to retain a core level of simplicity for everyone.","","","","","","","","",,,,,"",,,,"Element.extension",0,*,"","ele-1:All FHIR elements must have a @value or children {hasValue() or (children().count() > id.count())}
ext-1:Must have either extensions or value[x], not both {extension.exists() != value.exists()}","n/a"
"BiologicallyDerivedProduct.property.modifierExtension","BiologicallyDerivedProduct.property.modifierExtension","","extensions
user contentmodifiers","",0,*,"","Y","Y","Extension {[]} {[]}
","Extensions that cannot be ignored even if unrecognized","May be used to represent additional information that is not part of the basic definition of the element and that modifies the understanding of the element in which it is contained and/or the understanding of the containing element's descendants. Usually modifier elements provide negation or qualification. To make the use of extensions safe and managable, there is a strict set of governance applied to the definition and use of extensions. Though any implementer can define an extension, there is a set of requirements that SHALL be met as part of the definition of the extension. Applications processing a resource are required to check for modifier extensions.

Modifier extensions SHALL NOT change the meaning of any elements on Resource or DomainResource (including cannot change the meaning of modifierExtension itself).","There can be no stigma associated with the use of extensions by any application, project, or standard - regardless of the institution or jurisdiction that uses or defines the extensions.  The use of extensions is what allows the FHIR specification to retain a core level of simplicity for everyone.","Modifier extensions allow for extensions that *cannot* be safely ignored to be clearly distinguished from the vast majority of extensions which can be safely ignored.  This promotes interoperability by eliminating the need for implementers to prohibit the presence of extensions. For further information, see the [definition of modifier extensions](http://hl7.org/fhir/R5/extensibility.html#modifierExtension).","","","","","","","",,,,,"",,,,"BackboneElement.modifierExtension",0,*,"","ele-1:All FHIR elements must have a @value or children {hasValue() or (children().count() > id.count())}
ext-1:Must have either extensions or value[x], not both {extension.exists() != value.exists()}","N/A"
"BiologicallyDerivedProduct.property.type","BiologicallyDerivedProduct.property.type","","","",1,1,"","","","CodeableConcept {[]} {[]}
","Code that specifies the property","Code that specifies the property. It should reference an established coding system.","The element is identified by name and system URI in the type. Some types may have multiple occurrences.","","","","","","","","",,"example","Biologically Derived Product Property Type Codes","http://hl7.org/fhir/ValueSet/biologicallyderived-product-property-type-codes|5.0.0","",,,,"BiologicallyDerivedProduct.property.type",1,1,"","ele-1:All FHIR elements must have a @value or children {hasValue() or (children().count() > id.count())}
"
"BiologicallyDerivedProduct.property.value[x]","BiologicallyDerivedProduct.property.value[x]","","","",1,1,"","","","boolean {[]} {[]}
integer {[]} {[]}CodeableConcept {[]} {[]}Period {[]} {[]}Quantity {[]} {[]}Range {[]} {[]}Ratio {[]} {[]}string {[]} {[]}Attachment {[]} {[]}","Property values","Property values.","The value should be provided as a boolean, integer, CodeableConcept, period, quantity, range, ratio, or attachment. The description can be a string only when these others are not available. The type of value will depend on the property type and is specified in ST-027.","","","","","","","","",,,,,"",,,,"BiologicallyDerivedProduct.property.value[x]",1,1,"","ele-1:All FHIR elements must have a @value or children {hasValue() or (children().count() > id.count())}
"
"BiologicallyDerivedProduct.property:fragmentCount","BiologicallyDerivedProduct.property","fragmentCount","","",0,1,"","","","BackboneElement {[]} {[]}
","A property that is specific to this BiologicallyDerviedProduct instance","A property that is specific to this BiologicallyDerviedProduct instance.","Property can be used to provide information on a wide range of additional information specific to a particular biologicallyDerivedProduct.","","","","","","","","",,,,,"",,,,"BiologicallyDerivedProduct.property",0,*,"","ele-1:All FHIR elements must have a @value or children {hasValue() or (children().count() > id.count())}
"
"BiologicallyDerivedProduct.property:fragmentCount.id","BiologicallyDerivedProduct.property.id","","","",0,1,"","","","string {[]} {[]}
","Unique id for inter-element referencing","Unique id for the element within a resource (for internal references). This may be any string value that does not contain spaces.","","","","","","","","","",,,,,"",,,,"Element.id",0,1,"ele-1
","","n/a"
"BiologicallyDerivedProduct.property:fragmentCount.extension","BiologicallyDerivedProduct.property.extension","","extensions
user content","",0,*,"","","","Extension {[]} {[]}
","Additional content defined by implementations","May be used to represent additional information that is not part of the basic definition of the element. To make the use of extensions safe and managable, there is a strict set of governance applied to the definition and use of extensions. Though any implementer can define an extension, there is a set of requirements that SHALL be met as part of the definition of the extension.","There can be no stigma associated with the use of extensions by any application, project, or standard - regardless of the institution or jurisdiction that uses or defines the extensions.  The use of extensions is what allows the FHIR specification to retain a core level of simplicity for everyone.","","","","","","","","",,,,,"",,,,"Element.extension",0,*,"","ele-1:All FHIR elements must have a @value or children {hasValue() or (children().count() > id.count())}
ext-1:Must have either extensions or value[x], not both {extension.exists() != value.exists()}","n/a"
"BiologicallyDerivedProduct.property:fragmentCount.modifierExtension","BiologicallyDerivedProduct.property.modifierExtension","","extensions
user contentmodifiers","",0,*,"","Y","Y","Extension {[]} {[]}
","Extensions that cannot be ignored even if unrecognized","May be used to represent additional information that is not part of the basic definition of the element and that modifies the understanding of the element in which it is contained and/or the understanding of the containing element's descendants. Usually modifier elements provide negation or qualification. To make the use of extensions safe and managable, there is a strict set of governance applied to the definition and use of extensions. Though any implementer can define an extension, there is a set of requirements that SHALL be met as part of the definition of the extension. Applications processing a resource are required to check for modifier extensions.

Modifier extensions SHALL NOT change the meaning of any elements on Resource or DomainResource (including cannot change the meaning of modifierExtension itself).","There can be no stigma associated with the use of extensions by any application, project, or standard - regardless of the institution or jurisdiction that uses or defines the extensions.  The use of extensions is what allows the FHIR specification to retain a core level of simplicity for everyone.","Modifier extensions allow for extensions that *cannot* be safely ignored to be clearly distinguished from the vast majority of extensions which can be safely ignored.  This promotes interoperability by eliminating the need for implementers to prohibit the presence of extensions. For further information, see the [definition of modifier extensions](http://hl7.org/fhir/R5/extensibility.html#modifierExtension).","","","","","","","",,,,,"",,,,"BackboneElement.modifierExtension",0,*,"","ele-1:All FHIR elements must have a @value or children {hasValue() or (children().count() > id.count())}
ext-1:Must have either extensions or value[x], not both {extension.exists() != value.exists()}","N/A"
"BiologicallyDerivedProduct.property:fragmentCount.type","BiologicallyDerivedProduct.property.type","","","",1,1,"","","","CodeableConcept {[]} {[]}
","Code that specifies the property","Code that specifies the property. It should reference an established coding system.","The element is identified by name and system URI in the type. Some types may have multiple occurrences.","","","","","","","","",,"example","Biologically Derived Product Property Type Codes","http://hl7.org/fhir/ValueSet/biologicallyderived-product-property-type-codes|5.0.0","",,,,"BiologicallyDerivedProduct.property.type",1,1,"","ele-1:All FHIR elements must have a @value or children {hasValue() or (children().count() > id.count())}
"
"BiologicallyDerivedProduct.property:fragmentCount.type.id","BiologicallyDerivedProduct.property.type.id","","","",0,1,"","","","id {[]} {[]}
","Unique id for inter-element referencing","Unique id for the element within a resource (for internal references). This may be any string value that does not contain spaces.","","","","","","","","","",,,,,"",,,,"Element.id",0,1,"ele-1
","","n/a"
"BiologicallyDerivedProduct.property:fragmentCount.type.extension","BiologicallyDerivedProduct.property.type.extension","","extensions
user content","",0,*,"","","","Extension {[]} {[]}
","Additional content defined by implementations","May be used to represent additional information that is not part of the basic definition of the element. To make the use of extensions safe and managable, there is a strict set of governance applied to the definition and use of extensions. Though any implementer can define an extension, there is a set of requirements that SHALL be met as part of the definition of the extension.","There can be no stigma associated with the use of extensions by any application, project, or standard - regardless of the institution or jurisdiction that uses or defines the extensions.  The use of extensions is what allows the FHIR specification to retain a core level of simplicity for everyone.","","","","","","","","",,,,,"","value:url}
","Extensions are always sliced by (at least) url",,"open","Element.extension",0,*,"","ele-1:All FHIR elements must have a @value or children {hasValue() or (children().count() > id.count())}
ext-1:Must have either extensions or value[x], not both {extension.exists() != value.exists()}","n/a"
"BiologicallyDerivedProduct.property:fragmentCount.type.coding","BiologicallyDerivedProduct.property.type.coding","","","",1,*,"","","Y","Coding {[]} {[]}
","Code defined by a terminology system","A reference to a code defined by a terminology system.","Codes may be defined very casually in enumerations, or code lists, up to very formal definitions such as SNOMED CT - see the HL7 v3 Core Principles for more information.  Ordering of codings is undefined and SHALL NOT be used to infer meaning. Generally, at most only one of the coding values will be labeled as UserSelected = true.","Allows for alternative encodings within a code system, and translations to other code systems.","","","","<valueCoding xmlns=""http://hl7.org/fhir"">
  <system value=""https://fhir.ee/ValueSet/vris-tunnuse-tyyp""/>
  <code value=""fragment-count""/>
</valueCoding>","","","",,,,,"",,,,"CodeableConcept.coding",0,*,"","ele-1:All FHIR elements must have a @value or children {hasValue() or (children().count() > id.count())}
","union(., ./translation)","C*E.1-8, C*E.10-22"
"BiologicallyDerivedProduct.property:fragmentCount.type.text","BiologicallyDerivedProduct.property.type.text","","","",0,1,"","","Y","string {[]} {[]}
","Plain text representation of the concept","A human language representation of the concept as seen/selected/uttered by the user who entered the data and/or which represents the intended meaning of the user.","Very often the text is the same as a displayName of one of the codings.","The codes from the terminologies do not always capture the correct meaning with all the nuances of the human using them, or sometimes there is no appropriate code at all. In these cases, the text is used to capture the full meaning of the source.","","","","","","","",,,,,"",,,,"CodeableConcept.text",0,1,"","ele-1:All FHIR elements must have a @value or children {hasValue() or (children().count() > id.count())}
","./originalText[mediaType/code=""text/plain""]/data","C*E.9. But note many systems use C*E.2 for this"
"BiologicallyDerivedProduct.property:fragmentCount.value[x]","BiologicallyDerivedProduct.property.value[x]","","","",1,1,"","","","integer {[]} {[]}
","(ee Koetükkide arv)","Property values.","The value should be provided as a boolean, integer, CodeableConcept, period, quantity, range, ratio, or attachment. The description can be a string only when these others are not available. The type of value will depend on the property type and is specified in ST-027.","","","","","","","","",,,,,"",,,,"BiologicallyDerivedProduct.property.value[x]",1,1,"","ele-1:All FHIR elements must have a @value or children {hasValue() or (children().count() > id.count())}
"
"BiologicallyDerivedProduct.property:frozenFragmentCount","BiologicallyDerivedProduct.property","frozenFragmentCount","","",0,1,"","","","BackboneElement {[]} {[]}
","A property that is specific to this BiologicallyDerviedProduct instance","A property that is specific to this BiologicallyDerviedProduct instance.","Property can be used to provide information on a wide range of additional information specific to a particular biologicallyDerivedProduct.","","","","","","","","",,,,,"",,,,"BiologicallyDerivedProduct.property",0,*,"","ele-1:All FHIR elements must have a @value or children {hasValue() or (children().count() > id.count())}
"
"BiologicallyDerivedProduct.property:frozenFragmentCount.id","BiologicallyDerivedProduct.property.id","","","",0,1,"","","","string {[]} {[]}
","Unique id for inter-element referencing","Unique id for the element within a resource (for internal references). This may be any string value that does not contain spaces.","","","","","","","","","",,,,,"",,,,"Element.id",0,1,"ele-1
","","n/a"
"BiologicallyDerivedProduct.property:frozenFragmentCount.extension","BiologicallyDerivedProduct.property.extension","","extensions
user content","",0,*,"","","","Extension {[]} {[]}
","Additional content defined by implementations","May be used to represent additional information that is not part of the basic definition of the element. To make the use of extensions safe and managable, there is a strict set of governance applied to the definition and use of extensions. Though any implementer can define an extension, there is a set of requirements that SHALL be met as part of the definition of the extension.","There can be no stigma associated with the use of extensions by any application, project, or standard - regardless of the institution or jurisdiction that uses or defines the extensions.  The use of extensions is what allows the FHIR specification to retain a core level of simplicity for everyone.","","","","","","","","",,,,,"",,,,"Element.extension",0,*,"","ele-1:All FHIR elements must have a @value or children {hasValue() or (children().count() > id.count())}
ext-1:Must have either extensions or value[x], not both {extension.exists() != value.exists()}","n/a"
"BiologicallyDerivedProduct.property:frozenFragmentCount.modifierExtension","BiologicallyDerivedProduct.property.modifierExtension","","extensions
user contentmodifiers","",0,*,"","Y","Y","Extension {[]} {[]}
","Extensions that cannot be ignored even if unrecognized","May be used to represent additional information that is not part of the basic definition of the element and that modifies the understanding of the element in which it is contained and/or the understanding of the containing element's descendants. Usually modifier elements provide negation or qualification. To make the use of extensions safe and managable, there is a strict set of governance applied to the definition and use of extensions. Though any implementer can define an extension, there is a set of requirements that SHALL be met as part of the definition of the extension. Applications processing a resource are required to check for modifier extensions.

Modifier extensions SHALL NOT change the meaning of any elements on Resource or DomainResource (including cannot change the meaning of modifierExtension itself).","There can be no stigma associated with the use of extensions by any application, project, or standard - regardless of the institution or jurisdiction that uses or defines the extensions.  The use of extensions is what allows the FHIR specification to retain a core level of simplicity for everyone.","Modifier extensions allow for extensions that *cannot* be safely ignored to be clearly distinguished from the vast majority of extensions which can be safely ignored.  This promotes interoperability by eliminating the need for implementers to prohibit the presence of extensions. For further information, see the [definition of modifier extensions](http://hl7.org/fhir/R5/extensibility.html#modifierExtension).","","","","","","","",,,,,"",,,,"BackboneElement.modifierExtension",0,*,"","ele-1:All FHIR elements must have a @value or children {hasValue() or (children().count() > id.count())}
ext-1:Must have either extensions or value[x], not both {extension.exists() != value.exists()}","N/A"
"BiologicallyDerivedProduct.property:frozenFragmentCount.type","BiologicallyDerivedProduct.property.type","","","",1,1,"","","","CodeableConcept {[]} {[]}
","Code that specifies the property","Code that specifies the property. It should reference an established coding system.","The element is identified by name and system URI in the type. Some types may have multiple occurrences.","","","","","","","","",,"example","Biologically Derived Product Property Type Codes","http://hl7.org/fhir/ValueSet/biologicallyderived-product-property-type-codes|5.0.0","",,,,"BiologicallyDerivedProduct.property.type",1,1,"","ele-1:All FHIR elements must have a @value or children {hasValue() or (children().count() > id.count())}
"
"BiologicallyDerivedProduct.property:frozenFragmentCount.type.id","BiologicallyDerivedProduct.property.type.id","","","",0,1,"","","","id {[]} {[]}
","Unique id for inter-element referencing","Unique id for the element within a resource (for internal references). This may be any string value that does not contain spaces.","","","","","","","","","",,,,,"",,,,"Element.id",0,1,"ele-1
","","n/a"
"BiologicallyDerivedProduct.property:frozenFragmentCount.type.extension","BiologicallyDerivedProduct.property.type.extension","","extensions
user content","",0,*,"","","","Extension {[]} {[]}
","Additional content defined by implementations","May be used to represent additional information that is not part of the basic definition of the element. To make the use of extensions safe and managable, there is a strict set of governance applied to the definition and use of extensions. Though any implementer can define an extension, there is a set of requirements that SHALL be met as part of the definition of the extension.","There can be no stigma associated with the use of extensions by any application, project, or standard - regardless of the institution or jurisdiction that uses or defines the extensions.  The use of extensions is what allows the FHIR specification to retain a core level of simplicity for everyone.","","","","","","","","",,,,,"","value:url}
","Extensions are always sliced by (at least) url",,"open","Element.extension",0,*,"","ele-1:All FHIR elements must have a @value or children {hasValue() or (children().count() > id.count())}
ext-1:Must have either extensions or value[x], not both {extension.exists() != value.exists()}","n/a"
"BiologicallyDerivedProduct.property:frozenFragmentCount.type.coding","BiologicallyDerivedProduct.property.type.coding","","","",1,*,"","","Y","Coding {[]} {[]}
","Code defined by a terminology system","A reference to a code defined by a terminology system.","Codes may be defined very casually in enumerations, or code lists, up to very formal definitions such as SNOMED CT - see the HL7 v3 Core Principles for more information.  Ordering of codings is undefined and SHALL NOT be used to infer meaning. Generally, at most only one of the coding values will be labeled as UserSelected = true.","Allows for alternative encodings within a code system, and translations to other code systems.","","","","<valueCoding xmlns=""http://hl7.org/fhir"">
  <system value=""https://fhir.ee/ValueSet/vris-tunnuse-tyyp""/>
  <code value=""frozen-fragment-count""/>
</valueCoding>","","","",,,,,"",,,,"CodeableConcept.coding",0,*,"","ele-1:All FHIR elements must have a @value or children {hasValue() or (children().count() > id.count())}
","union(., ./translation)","C*E.1-8, C*E.10-22"
"BiologicallyDerivedProduct.property:frozenFragmentCount.type.text","BiologicallyDerivedProduct.property.type.text","","","",0,1,"","","Y","string {[]} {[]}
","Plain text representation of the concept","A human language representation of the concept as seen/selected/uttered by the user who entered the data and/or which represents the intended meaning of the user.","Very often the text is the same as a displayName of one of the codings.","The codes from the terminologies do not always capture the correct meaning with all the nuances of the human using them, or sometimes there is no appropriate code at all. In these cases, the text is used to capture the full meaning of the source.","","","","","","","",,,,,"",,,,"CodeableConcept.text",0,1,"","ele-1:All FHIR elements must have a @value or children {hasValue() or (children().count() > id.count())}
","./originalText[mediaType/code=""text/plain""]/data","C*E.9. But note many systems use C*E.2 for this"
"BiologicallyDerivedProduct.property:frozenFragmentCount.value[x]","BiologicallyDerivedProduct.property.value[x]","","","",1,1,"","","","integer {[]} {[]}
","(ee Külmutatud koetükkide arv)","Property values.","The value should be provided as a boolean, integer, CodeableConcept, period, quantity, range, ratio, or attachment. The description can be a string only when these others are not available. The type of value will depend on the property type and is specified in ST-027.","","","","","","","","",,,,,"",,,,"BiologicallyDerivedProduct.property.value[x]",1,1,"","ele-1:All FHIR elements must have a @value or children {hasValue() or (children().count() > id.count())}
"
"BiologicallyDerivedProduct.property:Role","BiologicallyDerivedProduct.property","Role","","",0,1,"","","","BackboneElement {[]} {[]}
","A property that is specific to this BiologicallyDerviedProduct instance","A property that is specific to this BiologicallyDerviedProduct instance.","Property can be used to provide information on a wide range of additional information specific to a particular biologicallyDerivedProduct.","","","","","","","","",,,,,"",,,,"BiologicallyDerivedProduct.property",0,*,"","ele-1:All FHIR elements must have a @value or children {hasValue() or (children().count() > id.count())}
"
"BiologicallyDerivedProduct.property:Role.id","BiologicallyDerivedProduct.property.id","","","",0,1,"","","","string {[]} {[]}
","Unique id for inter-element referencing","Unique id for the element within a resource (for internal references). This may be any string value that does not contain spaces.","","","","","","","","","",,,,,"",,,,"Element.id",0,1,"ele-1
","","n/a"
"BiologicallyDerivedProduct.property:Role.extension","BiologicallyDerivedProduct.property.extension","","extensions
user content","",0,*,"","","","Extension {[]} {[]}
","Additional content defined by implementations","May be used to represent additional information that is not part of the basic definition of the element. To make the use of extensions safe and managable, there is a strict set of governance applied to the definition and use of extensions. Though any implementer can define an extension, there is a set of requirements that SHALL be met as part of the definition of the extension.","There can be no stigma associated with the use of extensions by any application, project, or standard - regardless of the institution or jurisdiction that uses or defines the extensions.  The use of extensions is what allows the FHIR specification to retain a core level of simplicity for everyone.","","","","","","","","",,,,,"",,,,"Element.extension",0,*,"","ele-1:All FHIR elements must have a @value or children {hasValue() or (children().count() > id.count())}
ext-1:Must have either extensions or value[x], not both {extension.exists() != value.exists()}","n/a"
"BiologicallyDerivedProduct.property:Role.modifierExtension","BiologicallyDerivedProduct.property.modifierExtension","","extensions
user contentmodifiers","",0,*,"","Y","Y","Extension {[]} {[]}
","Extensions that cannot be ignored even if unrecognized","May be used to represent additional information that is not part of the basic definition of the element and that modifies the understanding of the element in which it is contained and/or the understanding of the containing element's descendants. Usually modifier elements provide negation or qualification. To make the use of extensions safe and managable, there is a strict set of governance applied to the definition and use of extensions. Though any implementer can define an extension, there is a set of requirements that SHALL be met as part of the definition of the extension. Applications processing a resource are required to check for modifier extensions.

Modifier extensions SHALL NOT change the meaning of any elements on Resource or DomainResource (including cannot change the meaning of modifierExtension itself).","There can be no stigma associated with the use of extensions by any application, project, or standard - regardless of the institution or jurisdiction that uses or defines the extensions.  The use of extensions is what allows the FHIR specification to retain a core level of simplicity for everyone.","Modifier extensions allow for extensions that *cannot* be safely ignored to be clearly distinguished from the vast majority of extensions which can be safely ignored.  This promotes interoperability by eliminating the need for implementers to prohibit the presence of extensions. For further information, see the [definition of modifier extensions](http://hl7.org/fhir/R5/extensibility.html#modifierExtension).","","","","","","","",,,,,"",,,,"BackboneElement.modifierExtension",0,*,"","ele-1:All FHIR elements must have a @value or children {hasValue() or (children().count() > id.count())}
ext-1:Must have either extensions or value[x], not both {extension.exists() != value.exists()}","N/A"
"BiologicallyDerivedProduct.property:Role.type","BiologicallyDerivedProduct.property.type","","","",1,1,"","","","CodeableConcept {[]} {[]}
","Code that specifies the property","Code that specifies the property. It should reference an established coding system.","The element is identified by name and system URI in the type. Some types may have multiple occurrences.","","","","","","","","",,"example","Biologically Derived Product Property Type Codes","http://hl7.org/fhir/ValueSet/biologicallyderived-product-property-type-codes|5.0.0","",,,,"BiologicallyDerivedProduct.property.type",1,1,"","ele-1:All FHIR elements must have a @value or children {hasValue() or (children().count() > id.count())}
"
"BiologicallyDerivedProduct.property:Role.type.id","BiologicallyDerivedProduct.property.type.id","","","",0,1,"","","","id {[]} {[]}
","Unique id for inter-element referencing","Unique id for the element within a resource (for internal references). This may be any string value that does not contain spaces.","","","","","","","","","",,,,,"",,,,"Element.id",0,1,"ele-1
","","n/a"
"BiologicallyDerivedProduct.property:Role.type.extension","BiologicallyDerivedProduct.property.type.extension","","extensions
user content","",0,*,"","","","Extension {[]} {[]}
","Additional content defined by implementations","May be used to represent additional information that is not part of the basic definition of the element. To make the use of extensions safe and managable, there is a strict set of governance applied to the definition and use of extensions. Though any implementer can define an extension, there is a set of requirements that SHALL be met as part of the definition of the extension.","There can be no stigma associated with the use of extensions by any application, project, or standard - regardless of the institution or jurisdiction that uses or defines the extensions.  The use of extensions is what allows the FHIR specification to retain a core level of simplicity for everyone.","","","","","","","","",,,,,"","value:url}
","Extensions are always sliced by (at least) url",,"open","Element.extension",0,*,"","ele-1:All FHIR elements must have a @value or children {hasValue() or (children().count() > id.count())}
ext-1:Must have either extensions or value[x], not both {extension.exists() != value.exists()}","n/a"
"BiologicallyDerivedProduct.property:Role.type.coding","BiologicallyDerivedProduct.property.type.coding","","","",1,*,"","","Y","Coding {[]} {[]}
","Code defined by a terminology system","A reference to a code defined by a terminology system.","Codes may be defined very casually in enumerations, or code lists, up to very formal definitions such as SNOMED CT - see the HL7 v3 Core Principles for more information.  Ordering of codings is undefined and SHALL NOT be used to infer meaning. Generally, at most only one of the coding values will be labeled as UserSelected = true.","Allows for alternative encodings within a code system, and translations to other code systems.","","","","<valueCoding xmlns=""http://hl7.org/fhir"">
  <system value=""https://fhir.ee/ValueSet/vris-tunnuse-tyyp""/>
  <code value=""cell-origin-role""/>
</valueCoding>","","","",,,,,"",,,,"CodeableConcept.coding",0,*,"","ele-1:All FHIR elements must have a @value or children {hasValue() or (children().count() > id.count())}
","union(., ./translation)","C*E.1-8, C*E.10-22"
"BiologicallyDerivedProduct.property:Role.type.text","BiologicallyDerivedProduct.property.type.text","","","",0,1,"","","Y","string {[]} {[]}
","Plain text representation of the concept","A human language representation of the concept as seen/selected/uttered by the user who entered the data and/or which represents the intended meaning of the user.","Very often the text is the same as a displayName of one of the codings.","The codes from the terminologies do not always capture the correct meaning with all the nuances of the human using them, or sometimes there is no appropriate code at all. In these cases, the text is used to capture the full meaning of the source.","","","","","","","",,,,,"",,,,"CodeableConcept.text",0,1,"","ele-1:All FHIR elements must have a @value or children {hasValue() or (children().count() > id.count())}
","./originalText[mediaType/code=""text/plain""]/data","C*E.9. But note many systems use C*E.2 for this"
"BiologicallyDerivedProduct.property:Role.value[x]","BiologicallyDerivedProduct.property.value[x]","","","",1,1,"","","","CodeableConcept {[]} {[]}
","(ee Koe päritolu roll: autoloogne / doonorluseks jne)","Property values.","The value should be provided as a boolean, integer, CodeableConcept, period, quantity, range, ratio, or attachment. The description can be a string only when these others are not available. The type of value will depend on the property type and is specified in ST-027.","","","","","","","","",,"required","","https://fhir.ee/ValueSet/vris-suguraku-paritolu-roll","",,,,"BiologicallyDerivedProduct.property.value[x]",1,1,"","ele-1:All FHIR elements must have a @value or children {hasValue() or (children().count() > id.count())}
"
"BiologicallyDerivedProduct.property:collectionMethod","BiologicallyDerivedProduct.property","collectionMethod","","",0,1,"","","","BackboneElement {[]} {[]}
","A property that is specific to this BiologicallyDerviedProduct instance","A property that is specific to this BiologicallyDerviedProduct instance.","Property can be used to provide information on a wide range of additional information specific to a particular biologicallyDerivedProduct.","","","","","","","","",,,,,"",,,,"BiologicallyDerivedProduct.property",0,*,"","ele-1:All FHIR elements must have a @value or children {hasValue() or (children().count() > id.count())}
"
"BiologicallyDerivedProduct.property:collectionMethod.id","BiologicallyDerivedProduct.property.id","","","",0,1,"","","","string {[]} {[]}
","Unique id for inter-element referencing","Unique id for the element within a resource (for internal references). This may be any string value that does not contain spaces.","","","","","","","","","",,,,,"",,,,"Element.id",0,1,"ele-1
","","n/a"
"BiologicallyDerivedProduct.property:collectionMethod.extension","BiologicallyDerivedProduct.property.extension","","extensions
user content","",0,*,"","","","Extension {[]} {[]}
","Additional content defined by implementations","May be used to represent additional information that is not part of the basic definition of the element. To make the use of extensions safe and managable, there is a strict set of governance applied to the definition and use of extensions. Though any implementer can define an extension, there is a set of requirements that SHALL be met as part of the definition of the extension.","There can be no stigma associated with the use of extensions by any application, project, or standard - regardless of the institution or jurisdiction that uses or defines the extensions.  The use of extensions is what allows the FHIR specification to retain a core level of simplicity for everyone.","","","","","","","","",,,,,"",,,,"Element.extension",0,*,"","ele-1:All FHIR elements must have a @value or children {hasValue() or (children().count() > id.count())}
ext-1:Must have either extensions or value[x], not both {extension.exists() != value.exists()}","n/a"
"BiologicallyDerivedProduct.property:collectionMethod.modifierExtension","BiologicallyDerivedProduct.property.modifierExtension","","extensions
user contentmodifiers","",0,*,"","Y","Y","Extension {[]} {[]}
","Extensions that cannot be ignored even if unrecognized","May be used to represent additional information that is not part of the basic definition of the element and that modifies the understanding of the element in which it is contained and/or the understanding of the containing element's descendants. Usually modifier elements provide negation or qualification. To make the use of extensions safe and managable, there is a strict set of governance applied to the definition and use of extensions. Though any implementer can define an extension, there is a set of requirements that SHALL be met as part of the definition of the extension. Applications processing a resource are required to check for modifier extensions.

Modifier extensions SHALL NOT change the meaning of any elements on Resource or DomainResource (including cannot change the meaning of modifierExtension itself).","There can be no stigma associated with the use of extensions by any application, project, or standard - regardless of the institution or jurisdiction that uses or defines the extensions.  The use of extensions is what allows the FHIR specification to retain a core level of simplicity for everyone.","Modifier extensions allow for extensions that *cannot* be safely ignored to be clearly distinguished from the vast majority of extensions which can be safely ignored.  This promotes interoperability by eliminating the need for implementers to prohibit the presence of extensions. For further information, see the [definition of modifier extensions](http://hl7.org/fhir/R5/extensibility.html#modifierExtension).","","","","","","","",,,,,"",,,,"BackboneElement.modifierExtension",0,*,"","ele-1:All FHIR elements must have a @value or children {hasValue() or (children().count() > id.count())}
ext-1:Must have either extensions or value[x], not both {extension.exists() != value.exists()}","N/A"
"BiologicallyDerivedProduct.property:collectionMethod.type","BiologicallyDerivedProduct.property.type","","","",1,1,"","","","CodeableConcept {[]} {[]}
","Code that specifies the property","Code that specifies the property. It should reference an established coding system.","The element is identified by name and system URI in the type. Some types may have multiple occurrences.","","","","","","","","",,"example","Biologically Derived Product Property Type Codes","http://hl7.org/fhir/ValueSet/biologicallyderived-product-property-type-codes|5.0.0","",,,,"BiologicallyDerivedProduct.property.type",1,1,"","ele-1:All FHIR elements must have a @value or children {hasValue() or (children().count() > id.count())}
"
"BiologicallyDerivedProduct.property:collectionMethod.type.id","BiologicallyDerivedProduct.property.type.id","","","",0,1,"","","","id {[]} {[]}
","Unique id for inter-element referencing","Unique id for the element within a resource (for internal references). This may be any string value that does not contain spaces.","","","","","","","","","",,,,,"",,,,"Element.id",0,1,"ele-1
","","n/a"
"BiologicallyDerivedProduct.property:collectionMethod.type.extension","BiologicallyDerivedProduct.property.type.extension","","extensions
user content","",0,*,"","","","Extension {[]} {[]}
","Additional content defined by implementations","May be used to represent additional information that is not part of the basic definition of the element. To make the use of extensions safe and managable, there is a strict set of governance applied to the definition and use of extensions. Though any implementer can define an extension, there is a set of requirements that SHALL be met as part of the definition of the extension.","There can be no stigma associated with the use of extensions by any application, project, or standard - regardless of the institution or jurisdiction that uses or defines the extensions.  The use of extensions is what allows the FHIR specification to retain a core level of simplicity for everyone.","","","","","","","","",,,,,"","value:url}
","Extensions are always sliced by (at least) url",,"open","Element.extension",0,*,"","ele-1:All FHIR elements must have a @value or children {hasValue() or (children().count() > id.count())}
ext-1:Must have either extensions or value[x], not both {extension.exists() != value.exists()}","n/a"
"BiologicallyDerivedProduct.property:collectionMethod.type.coding","BiologicallyDerivedProduct.property.type.coding","","","",1,*,"","","Y","Coding {[]} {[]}
","Code defined by a terminology system","A reference to a code defined by a terminology system.","Codes may be defined very casually in enumerations, or code lists, up to very formal definitions such as SNOMED CT - see the HL7 v3 Core Principles for more information.  Ordering of codings is undefined and SHALL NOT be used to infer meaning. Generally, at most only one of the coding values will be labeled as UserSelected = true.","Allows for alternative encodings within a code system, and translations to other code systems.","","","","<valueCoding xmlns=""http://hl7.org/fhir"">
  <system value=""https://fhir.ee/ValueSet/vris-tunnuse-tyyp""/>
  <code value=""collection-method""/>
</valueCoding>","","","",,,,,"",,,,"CodeableConcept.coding",0,*,"","ele-1:All FHIR elements must have a @value or children {hasValue() or (children().count() > id.count())}
","union(., ./translation)","C*E.1-8, C*E.10-22"
"BiologicallyDerivedProduct.property:collectionMethod.type.text","BiologicallyDerivedProduct.property.type.text","","","",0,1,"","","Y","string {[]} {[]}
","Plain text representation of the concept","A human language representation of the concept as seen/selected/uttered by the user who entered the data and/or which represents the intended meaning of the user.","Very often the text is the same as a displayName of one of the codings.","The codes from the terminologies do not always capture the correct meaning with all the nuances of the human using them, or sometimes there is no appropriate code at all. In these cases, the text is used to capture the full meaning of the source.","","","","","","","",,,,,"",,,,"CodeableConcept.text",0,1,"","ele-1:All FHIR elements must have a @value or children {hasValue() or (children().count() > id.count())}
","./originalText[mediaType/code=""text/plain""]/data","C*E.9. But note many systems use C*E.2 for this"
"BiologicallyDerivedProduct.property:collectionMethod.value[x]","BiologicallyDerivedProduct.property.value[x]","","","",1,1,"","","","CodeableConcept {[]} {[]}
","(ee Koe kogumise meetod, nt biopsia)","Property values.","The value should be provided as a boolean, integer, CodeableConcept, period, quantity, range, ratio, or attachment. The description can be a string only when these others are not available. The type of value will depend on the property type and is specified in ST-027.","","","","","","","","",,"required","","https://fhir.ee/ValueSet/vris-kogumise-meetod","",,,,"BiologicallyDerivedProduct.property.value[x]",1,1,"","ele-1:All FHIR elements must have a @value or children {hasValue() or (children().count() > id.count())}
"
