URL,Version,Status,OIDs,Name,Title,Description,Uses,Used,Sources
http://hl7.org/fhir/ValueSet/administration-method-codes,5.0.0,draft,"2.16.840.1.113883.4.642.3.90,2.16.840.1.113883.4.642.3.97",SNOMEDCTAdministrationMethodCodes,SNOMED CT Administration Method Codes,"This value set includes some method codes from SNOMED CT - provided as an exemplar","StructureDefinition/ee-vris-medication-administration","SCT"
http://hl7.org/fhir/ValueSet/administration-subpotent-reason,5.0.0,draft,"2.16.840.1.113883.4.642.3.3128",MedicationAdministrationSubpotentReason,MedicationAdministration Subpotent Reason,"MedicationAdministration Subpotent Reason","StructureDefinition/ee-vris-medication-administration","hl7.fhir.r5.core"
http://hl7.org/fhir/ValueSet/administrative-gender,5.0.0,active,"2.16.840.1.113883.4.642.3.1",AdministrativeGender,AdministrativeGender,"The gender of a person used for administrative purposes.","StructureDefinition/ee-vris-recipient,StructureDefinition/ee-vris-patient-child-unknown-id,StructureDefinition/ee-vris-donor-anonymous,StructureDefinition/ee-vris-patient-universal,StructureDefinition/ee-vris-patient-child,StructureDefinition/ee-vris-donor,StructureDefinition/ee-vris-related-person","hl7.fhir.r5.core"
http://hl7.org/fhir/ValueSet/all-languages,5.0.0,active,"2.16.840.1.113883.4.642.3.21",AllLanguages,All Languages,"This value set includes all possible codes from BCP-47 (see http://tools.ietf.org/html/bcp47)","StructureDefinition/ee-vris-medication-administration,StructureDefinition/ee-vris-oocyte,StructureDefinition/ee-vris-procedure-oocyte-retrieval,StructureDefinition/ee-vris-procedure-destruction,StructureDefinition/ee-vris-embryo,StructureDefinition/ee-vris-cause-of-death,StructureDefinition/ee-vris-observation-marital-status,StructureDefinition/ee-vris-observation-stimulation-protocol,StructureDefinition/ee-vris-observation-blood-group,StructureDefinition/ee-vris-observation-clinical-pregnancy,StructureDefinition/ee-vris-observation-birth-weight,StructureDefinition/ee-vris-observation-weight,StructureDefinition/ee-vris-observation-physical-appearance,StructureDefinition/ee-vris-observation-neonatal-intensive-care,StructureDefinition/ee-vris-patient-universal,StructureDefinition/ee-vris-condition-birth-defect,StructureDefinition/ee-vris-reproductive-tissue,StructureDefinition/ee-vris-observation-fertilization-counts,StructureDefinition/ee-vris-condition-treatment-complication,StructureDefinition/ee-vris-condition-fertility-indication-male,StructureDefinition/ee-vris-patient-child-unknown-id,StructureDefinition/ee-vris-donor,StructureDefinition/ee-vris-observation-stimulation-protocol-embryo,StructureDefinition/ee-vris-coverage,StructureDefinition/ee-vris-procedure-pgt,StructureDefinition/ee-vris-observation-biochemical-pregnancy,StructureDefinition/ee-vris-observation-tobacco-use,StructureDefinition/ee-vris-procedure-cryopreservation,StructureDefinition/ee-vris-procedure,StructureDefinition/ee-vris-encounter,StructureDefinition/ee-vris-recipient,StructureDefinition/ee-vris-observation-education-level,StructureDefinition/ee-vris-patient-child,StructureDefinition/ee-vris-packaged-product-definition,StructureDefinition/ee-vris-procedure-fertilization,StructureDefinition/ee-vris-observation-obstetric-history,StructureDefinition/ee-vris-observation-waist,StructureDefinition/ee-vris-condition-comorbidity,StructureDefinition/ee-vris-observation-fetus-reduction,StructureDefinition/ee-vris-procedure-embryo-transfer,StructureDefinition/ee-vris-donor-anonymous,StructureDefinition/ee-vris-episode-of-care-pregnancy,StructureDefinition/ee-vris-episode-of-care,StructureDefinition/ee-vris-supply-delivery,StructureDefinition/ee-vris-condition-donor-genetic-finding,StructureDefinition/ee-vris-observation-prenatal-care-discontinued,StructureDefinition/ee-vris-related-person,StructureDefinition/ee-vris-observation-attempting-to-concieve,StructureDefinition/ee-vris-observation-embryo-lifecycle-counts,StructureDefinition/ee-vris-procedure-insemination,StructureDefinition/ee-vris-care-plan,StructureDefinition/ee-vris-condition-pregnancy,StructureDefinition/ee-vris-observation-prior-fertility-treatment,StructureDefinition/ee-vris-condition-fertility-indication-female,StructureDefinition/ee-vris-procedure-donation,StructureDefinition/ee-vris-observation-pregnancy-outcome,StructureDefinition/ee-vris-observation-height,StructureDefinition/ee-vris-sperm","hl7.terminology.r5"
http://hl7.org/fhir/ValueSet/approach-site-codes,5.0.0,draft,"2.16.840.1.113883.4.642.3.346",SNOMEDCTAnatomicalStructureAdministrationSites,SNOMED CT Anatomical Structure for Administration Site Codes,"This value set includes Anatomical Structure codes from SNOMED CT - provided as an exemplar.","StructureDefinition/ee-vris-medication-administration","SCT"
http://hl7.org/fhir/ValueSet/benefit-network,5.0.0,draft,"2.16.840.1.113883.4.642.3.600,2.16.840.1.113883.4.642.3.608",NetworkTypeCodes,Network Type Codes,"This value set includes a smattering of Network type codes.","StructureDefinition/ee-vris-coverage","THO"
http://hl7.org/fhir/ValueSet/benefit-term,5.0.0,draft,"2.16.840.1.113883.4.642.3.612,2.16.840.1.113883.4.642.3.604",BenefitTermCodes,Benefit Term Codes,"This value set includes a smattering of Benefit Term codes.","StructureDefinition/ee-vris-coverage","THO"
http://hl7.org/fhir/ValueSet/benefit-unit,5.0.0,draft,"2.16.840.1.113883.4.642.3.602,2.16.840.1.113883.4.642.3.610",UnitTypeCodes,Unit Type Codes,"This value set includes a smattering of Unit type codes.","StructureDefinition/ee-vris-coverage","THO"
http://hl7.org/fhir/ValueSet/biologicallyderived-product-property-type-codes,5.0.0,draft,"2.16.840.1.113883.4.642.3.3123",BiologicallyDerivedProductPropertyTypeCodes,Biologically Derived Product Property Type Codes,"This value set can enumerate ISBT 128 Codes published by ICCBBA as a part of the ISBT 128 standard. These example codes represent data elements defined in ST-027 ISBT 128 Dictionary of Standard Data Elements and are used to define data structure and format expectations for electronic exchange with the ISBT 128 standard.","StructureDefinition/ee-vris-oocyte,StructureDefinition/ee-vris-embryo,StructureDefinition/ee-vris-reproductive-tissue,StructureDefinition/ee-vris-sperm","hl7.fhir.r5.core"
http://hl7.org/fhir/ValueSet/biologicallyderived-product-status,5.0.0,draft,"2.16.840.1.113883.4.642.3.3124",BiologicallyDerivedProductStatus,Biologically Derived Product Status,"Biologically Derived Product Status.","StructureDefinition/ee-vris-oocyte,StructureDefinition/ee-vris-embryo,StructureDefinition/ee-vris-reproductive-tissue,StructureDefinition/ee-vris-sperm","hl7.fhir.r5.core"
http://hl7.org/fhir/ValueSet/body-site,5.0.0,draft,"2.16.840.1.113883.4.642.3.653,2.16.840.1.113883.4.642.2.78,2.16.840.1.113883.4.642.3.141",SNOMEDCTBodyStructures,SNOMED CT Body Structures,"This value set includes all codes from [SNOMED CT](http://snomed.info/sct) where concept is-a 442083009 (Anatomical or acquired body site (body structure)).","StructureDefinition/ee-vris-observation-education-level,StructureDefinition/ee-vris-procedure-oocyte-retrieval,StructureDefinition/ee-vris-procedure-destruction,StructureDefinition/ee-vris-procedure-fertilization,StructureDefinition/ee-vris-cause-of-death,StructureDefinition/ee-vris-observation-obstetric-history,StructureDefinition/ee-vris-observation-marital-status,StructureDefinition/ee-vris-observation-stimulation-protocol,StructureDefinition/ee-vris-observation-waist,StructureDefinition/ee-vris-observation-blood-group,StructureDefinition/ee-vris-observation-clinical-pregnancy,StructureDefinition/ee-vris-condition-comorbidity,StructureDefinition/ee-vris-observation-physical-appearance,StructureDefinition/ee-vris-observation-fetus-reduction,StructureDefinition/ee-vris-observation-birth-weight,StructureDefinition/ee-vris-observation-weight,StructureDefinition/ee-vris-procedure-embryo-transfer,StructureDefinition/ee-vris-observation-neonatal-intensive-care,StructureDefinition/ee-vris-condition-birth-defect,StructureDefinition/ee-vris-condition-donor-genetic-finding,StructureDefinition/ee-vris-observation-prenatal-care-discontinued,StructureDefinition/ee-vris-observation-fertilization-counts,StructureDefinition/ee-vris-condition-treatment-complication,StructureDefinition/ee-vris-condition-fertility-indication-male,StructureDefinition/ee-vris-observation-attempting-to-concieve,StructureDefinition/ee-vris-observation-embryo-lifecycle-counts,StructureDefinition/ee-vris-observation-stimulation-protocol-embryo,StructureDefinition/ee-vris-procedure-insemination,StructureDefinition/ee-vris-procedure-pgt,StructureDefinition/ee-vris-condition-pregnancy,StructureDefinition/ee-vris-observation-prior-fertility-treatment,StructureDefinition/ee-vris-observation-biochemical-pregnancy,StructureDefinition/ee-vris-observation-tobacco-use,StructureDefinition/ee-vris-condition-fertility-indication-female,StructureDefinition/ee-vris-procedure-donation,StructureDefinition/ee-vris-observation-pregnancy-outcome,StructureDefinition/ee-vris-procedure-cryopreservation,StructureDefinition/ee-vris-procedure,StructureDefinition/ee-vris-observation-height","SCT"
http://hl7.org/fhir/ValueSet/care-plan-activity-performed,5.0.0,draft,"2.16.840.1.113883.4.642.3.3000",CarePlanActivityPerformed,Care Plan Activity Performed,"Example codes indicating the care plan activity that was performed. Note that these are in no way complete and might not even be appropriate for some uses.","StructureDefinition/ee-vris-care-plan","SCT"
http://hl7.org/fhir/ValueSet/care-plan-category,5.0.0,draft,"2.16.840.1.113883.4.642.3.136,2.16.840.1.113883.4.642.2.67,2.16.840.1.113883.4.642.3.148",CarePlanCategory,Care Plan Category,"Example codes indicating the category a care plan falls within.  Note that these are in no way complete and might not even be appropriate for some uses.","StructureDefinition/ee-vris-care-plan","SCT"
http://hl7.org/fhir/ValueSet/care-plan-intent,5.0.0,draft,"2.16.840.1.113883.4.642.3.150,2.16.840.1.113883.4.642.3.141",CarePlanIntent,Care Plan Intent,"Codes indicating the degree of authority/intentionality associated with a care plan.","StructureDefinition/ee-vris-care-plan","hl7.fhir.r5.core"
http://hl7.org/fhir/ValueSet/clinical-findings,5.0.0,draft,"2.16.840.1.113883.4.642.3.232,2.16.840.1.113883.4.642.3.227,2.16.840.1.113883.4.642.2.115",SNOMEDCTClinicalFindings,SNOMED CT Clinical Findings,"This value set includes all the ""Clinical finding"" [SNOMED CT](http://snomed.info/sct) codes - concepts where concept is-a 404684003 (Clinical finding (finding)).","StructureDefinition/ee-vris-condition-treatment-complication,StructureDefinition/ee-vris-condition-pregnancy,StructureDefinition/ee-vris-condition-fertility-indication-male,StructureDefinition/ee-vris-condition-comorbidity,StructureDefinition/ee-vris-condition-birth-defect,StructureDefinition/ee-vris-condition-donor-genetic-finding,StructureDefinition/ee-vris-condition-fertility-indication-female,StructureDefinition/ee-vris-cause-of-death,StructureDefinition/ee-vris-care-plan","SCT"
http://hl7.org/fhir/ValueSet/condition-category,5.0.0,draft,"2.16.840.1.113883.4.642.3.153,2.16.840.1.113883.4.642.3.162,2.16.840.1.113883.4.642.2.73",ConditionCategoryCodes,Condition Category Codes,"Preferred value set for Condition Categories.","StructureDefinition/ee-vris-condition-treatment-complication,StructureDefinition/ee-vris-condition-pregnancy,StructureDefinition/ee-vris-condition-fertility-indication-male,StructureDefinition/ee-vris-condition-comorbidity,StructureDefinition/ee-vris-condition-birth-defect,StructureDefinition/ee-vris-condition-donor-genetic-finding,StructureDefinition/ee-vris-condition-fertility-indication-female,StructureDefinition/ee-vris-cause-of-death","THO"
http://hl7.org/fhir/ValueSet/condition-clinical,5.0.0,draft,"2.16.840.1.113883.4.642.3.155,2.16.840.1.113883.4.642.3.164,2.16.840.1.113883.4.642.2.74",ConditionClinicalStatusCodes,Condition Clinical Status Codes,"Preferred value set for Condition Clinical Status.","StructureDefinition/ee-vris-condition-treatment-complication,StructureDefinition/ee-vris-condition-pregnancy,StructureDefinition/ee-vris-condition-fertility-indication-male,StructureDefinition/ee-vris-condition-comorbidity,StructureDefinition/ee-vris-condition-birth-defect,StructureDefinition/ee-vris-condition-donor-genetic-finding,StructureDefinition/ee-vris-condition-fertility-indication-female,StructureDefinition/ee-vris-cause-of-death","THO"
http://hl7.org/fhir/ValueSet/condition-code,5.0.0,draft,"2.16.840.1.113883.4.642.3.161,2.16.840.1.113883.4.642.2.72,2.16.840.1.113883.4.642.3.152",ConditionProblemDiagnosisCodes,Condition/Problem/Diagnosis Codes,"Example value set for Condition/Problem/Diagnosis codes.","StructureDefinition/ee-vris-condition-treatment-complication,StructureDefinition/ee-vris-procedure-oocyte-retrieval,StructureDefinition/ee-vris-procedure-destruction,StructureDefinition/ee-vris-procedure-fertilization,StructureDefinition/ee-vris-procedure-insemination,StructureDefinition/ee-vris-procedure-pgt,StructureDefinition/ee-vris-procedure-embryo-transfer,StructureDefinition/ee-vris-episode-of-care-pregnancy,StructureDefinition/ee-vris-episode-of-care,StructureDefinition/ee-vris-condition-donor-genetic-finding,StructureDefinition/ee-vris-procedure-donation,StructureDefinition/ee-vris-encounter,StructureDefinition/ee-vris-procedure-cryopreservation,StructureDefinition/ee-vris-procedure","SCT"
http://hl7.org/fhir/ValueSet/condition-severity,5.0.0,draft,"2.16.840.1.113883.4.642.3.168,2.16.840.1.113883.4.642.2.76,2.16.840.1.113883.4.642.3.159",ConditionDiagnosisSeverity,Condition/Diagnosis Severity,"Preferred value set for Condition/Diagnosis severity grading.","StructureDefinition/ee-vris-condition-treatment-complication,StructureDefinition/ee-vris-condition-pregnancy,StructureDefinition/ee-vris-condition-fertility-indication-male,StructureDefinition/ee-vris-condition-comorbidity,StructureDefinition/ee-vris-condition-birth-defect,StructureDefinition/ee-vris-condition-donor-genetic-finding,StructureDefinition/ee-vris-condition-fertility-indication-female,StructureDefinition/ee-vris-cause-of-death","SCT"
http://hl7.org/fhir/ValueSet/condition-stage,5.0.0,draft,"2.16.840.1.113883.4.642.3.161,2.16.840.1.113883.4.642.3.170,2.16.840.1.113883.4.642.2.408",ConditionStage,Condition Stage,"Value set for stages of cancer and other conditions.","StructureDefinition/ee-vris-condition-treatment-complication,StructureDefinition/ee-vris-condition-pregnancy,StructureDefinition/ee-vris-condition-fertility-indication-male,StructureDefinition/ee-vris-condition-comorbidity,StructureDefinition/ee-vris-condition-birth-defect,StructureDefinition/ee-vris-condition-donor-genetic-finding,StructureDefinition/ee-vris-condition-fertility-indication-female,StructureDefinition/ee-vris-cause-of-death","SCT"
http://hl7.org/fhir/ValueSet/condition-stage-type,5.0.0,draft,"2.16.840.1.113883.4.642.3.171",ConditionStageType,Condition Stage Type,"Example value set for the type of stages of cancer and other conditions","StructureDefinition/ee-vris-condition-treatment-complication,StructureDefinition/ee-vris-condition-pregnancy,StructureDefinition/ee-vris-condition-fertility-indication-male,StructureDefinition/ee-vris-condition-comorbidity,StructureDefinition/ee-vris-condition-birth-defect,StructureDefinition/ee-vris-condition-donor-genetic-finding,StructureDefinition/ee-vris-condition-fertility-indication-female,StructureDefinition/ee-vris-cause-of-death","SCT"
http://hl7.org/fhir/ValueSet/condition-ver-status,5.0.0,draft,"2.16.840.1.113883.4.642.3.157,2.16.840.1.113883.4.642.2.75,2.16.840.1.113883.4.642.3.166",ConditionVerificationStatus,Condition Verification Status,"The verification status to support or decline the clinical status of the condition or diagnosis.","StructureDefinition/ee-vris-condition-treatment-complication,StructureDefinition/ee-vris-condition-pregnancy,StructureDefinition/ee-vris-condition-fertility-indication-male,StructureDefinition/ee-vris-condition-comorbidity,StructureDefinition/ee-vris-condition-birth-defect,StructureDefinition/ee-vris-condition-donor-genetic-finding,StructureDefinition/ee-vris-condition-fertility-indication-female,StructureDefinition/ee-vris-cause-of-death","THO"
http://hl7.org/fhir/ValueSet/contact-point-system,5.0.0,active,"2.16.840.1.113883.4.642.3.71",ContactPointSystem,ContactPointSystem,"Telecommunications form for contact point.","StructureDefinition/ee-vris-recipient,StructureDefinition/ee-vris-patient-child-unknown-id,StructureDefinition/ee-vris-donor-anonymous,StructureDefinition/ee-vris-patient-child,StructureDefinition/ee-vris-donor","hl7.fhir.r5.core"
http://hl7.org/fhir/ValueSet/contact-point-use,5.0.0,active,"2.16.840.1.113883.4.642.3.73",ContactPointUse,ContactPointUse,"Use of contact point.","StructureDefinition/ee-vris-recipient,StructureDefinition/ee-vris-patient-child-unknown-id,StructureDefinition/ee-vris-donor-anonymous,StructureDefinition/ee-vris-patient-child,StructureDefinition/ee-vris-donor","hl7.fhir.r5.core"
http://hl7.org/fhir/ValueSet/coverage-class,5.0.0,draft,"2.16.840.1.113883.4.642.3.1009",CoverageClassCodes,Coverage Class Codes,"This value set includes Coverage Class codes.","StructureDefinition/ee-vris-coverage","THO"
http://hl7.org/fhir/ValueSet/coverage-copay-type,5.0.0,draft,"2.16.840.1.113883.4.642.3.527",CoverageCopayTypeCodes,Coverage Copay Type Codes,"This value set includes sample Coverage Copayment Type codes.","StructureDefinition/ee-vris-coverage","THO"
http://hl7.org/fhir/ValueSet/coverage-financial-exception,5.0.0,draft,"2.16.840.1.113883.4.642.3.1328",ExampleCoverageFinancialExceptionCodes,Example Coverage Financial Exception Codes,"This value set includes Example Coverage Financial Exception Codes.","StructureDefinition/ee-vris-coverage","THO"
http://hl7.org/fhir/ValueSet/coverage-kind,5.0.0,draft,"2.16.840.1.113883.4.642.3.3244",Kind,Kind,"The kind of coverage: insurance, selfpay or other.","StructureDefinition/ee-vris-coverage","hl7.fhir.r5.core"
http://hl7.org/fhir/ValueSet/coverage-type,5.0.0,draft,"2.16.840.1.113883.4.642.3.520,2.16.840.1.113883.4.642.3.514",CoverageTypeAndSelfPayCodes,Coverage Type and Self-Pay Codes,"This value set includes Coverage Type codes.","StructureDefinition/ee-vris-coverage","THO"
http://hl7.org/fhir/ValueSet/data-absent-reason,5.0.0,active,"2.16.840.1.113883.4.642.3.5",DataAbsentReason,Data Absent Reason,"Used to specify why the normally expected content of the data element is missing.","StructureDefinition/ee-vris-observation-education-level,StructureDefinition/ee-vris-observation-attempting-to-concieve,StructureDefinition/ee-vris-observation-embryo-lifecycle-counts,StructureDefinition/ee-vris-observation-stimulation-protocol-embryo,StructureDefinition/ee-vris-observation-obstetric-history,StructureDefinition/ee-vris-observation-marital-status,StructureDefinition/ee-vris-observation-stimulation-protocol,StructureDefinition/ee-vris-observation-waist,StructureDefinition/ee-vris-observation-clinical-pregnancy,StructureDefinition/ee-vris-observation-prior-fertility-treatment,StructureDefinition/ee-vris-observation-blood-group,StructureDefinition/ee-vris-observation-physical-appearance,StructureDefinition/ee-vris-observation-weight,StructureDefinition/ee-vris-observation-fetus-reduction,StructureDefinition/ee-vris-observation-birth-weight,StructureDefinition/ee-vris-observation-neonatal-intensive-care,StructureDefinition/ee-vris-observation-biochemical-pregnancy,StructureDefinition/ee-vris-observation-tobacco-use,StructureDefinition/ee-vris-observation-pregnancy-outcome,StructureDefinition/ee-vris-observation-prenatal-care-discontinued,StructureDefinition/ee-vris-observation-height,StructureDefinition/ee-vris-observation-fertilization-counts","THO"
http://hl7.org/fhir/ValueSet/device-action,5.0.0,draft,"2.16.840.1.113883.4.642.3.425,2.16.840.1.113883.4.642.2.236,2.16.840.1.113883.4.642.3.416",ProcedureDeviceActionCodes,Procedure Device Action Codes,"Example codes indicating the change that happened to the device during the procedure.  Note that these are in no way complete and might not even be appropriate for some uses.","StructureDefinition/ee-vris-procedure-embryo-transfer,StructureDefinition/ee-vris-procedure-oocyte-retrieval,StructureDefinition/ee-vris-procedure-destruction,StructureDefinition/ee-vris-procedure-fertilization,StructureDefinition/ee-vris-procedure-donation,StructureDefinition/ee-vris-procedure-insemination,StructureDefinition/ee-vris-procedure-cryopreservation,StructureDefinition/ee-vris-procedure,StructureDefinition/ee-vris-procedure-pgt","SCT"
http://hl7.org/fhir/ValueSet/device-type,5.0.0,draft,"2.16.840.1.113883.4.642.3.1376",DeviceType,Device Type,"Codes used to identify medical devices. Includes concepts from SNOMED CT (http://www.snomed.org/) where concept is-a 49062001 (Device)  and is provided as a suggestive example.","StructureDefinition/ee-vris-procedure-embryo-transfer,StructureDefinition/ee-vris-procedure-oocyte-retrieval,StructureDefinition/ee-vris-procedure-destruction,StructureDefinition/ee-vris-procedure-fertilization,StructureDefinition/ee-vris-procedure-donation,StructureDefinition/ee-vris-procedure-insemination,StructureDefinition/ee-vris-procedure-cryopreservation,StructureDefinition/ee-vris-procedure,StructureDefinition/ee-vris-procedure-pgt","SCT,hl7.terminology.r5,Other"
http://hl7.org/fhir/ValueSet/encounter-admit-source,5.0.0,draft,"2.16.840.1.113883.4.642.3.257,2.16.840.1.113883.4.642.2.144,2.16.840.1.113883.4.642.3.252",AdmitSource,Admit Source,"This value set defines a set of codes that can be used to indicate from where the patient came in.","StructureDefinition/ee-vris-encounter","THO"
http://hl7.org/fhir/ValueSet/encounter-diagnosis-use,5.0.0,draft,"2.16.840.1.113883.4.642.4.3321",EncounterDiagnosisUse,Encounter Diagnosis Use,"What a specific Encounter/EpisodeOfCare `diagnosis.condition` is to be used for.","StructureDefinition/ee-vris-episode-of-care-pregnancy,StructureDefinition/ee-vris-episode-of-care,StructureDefinition/ee-vris-encounter","hl7.fhir.r5.core"
http://hl7.org/fhir/ValueSet/encounter-diet,5.0.0,draft,"2.16.840.1.113883.4.642.3.255,2.16.840.1.113883.4.642.2.142,2.16.840.1.113883.4.642.3.250",EncounterDiet,Diet,"This value set defines a set of codes that can be used to indicate dietary preferences or restrictions a patient may have.","StructureDefinition/ee-vris-encounter","THO"
http://hl7.org/fhir/ValueSet/encounter-discharge-disposition,5.0.0,draft,"2.16.840.1.113883.4.642.3.254,2.16.840.1.113883.4.642.2.145,2.16.840.1.113883.4.642.3.259",DischargeDisposition,Discharge Disposition,"This value set defines a set of codes that can be used to where the patient left the hospital.","StructureDefinition/ee-vris-encounter","THO"
http://hl7.org/fhir/ValueSet/encounter-location-status,5.0.0,draft,"2.16.840.1.113883.4.642.3.257,2.16.840.1.113883.4.642.2.147,2.16.840.1.113883.4.642.3.262",EncounterLocationStatus,Encounter Location Status,"The status of the location.","StructureDefinition/ee-vris-encounter","hl7.fhir.r5.core"
http://hl7.org/fhir/ValueSet/encounter-participant-type,5.0.0,draft,"2.16.840.1.113883.4.642.3.245,2.16.840.1.113883.4.642.2.139,2.16.840.1.113883.4.642.3.250",ParticipantType,Participant Type,"This value set defines a set of codes that can be used to indicate how an individual participates in an encounter.","StructureDefinition/ee-vris-encounter","THO (V3),THO"
http://hl7.org/fhir/ValueSet/encounter-reason,5.0.0,draft,"2.16.840.1.113883.4.642.3.256,2.16.840.1.113883.4.642.2.146,2.16.840.1.113883.4.642.3.261",EncounterReasonCodes,Encounter Reason Codes,"This examples value set defines the set of codes that can be used to indicate reasons for an encounter.","StructureDefinition/ee-vris-episode-of-care-pregnancy,StructureDefinition/ee-vris-episode-of-care,StructureDefinition/ee-vris-encounter","SCT"
http://hl7.org/fhir/ValueSet/encounter-reason-use,5.0.0,draft,"2.16.840.1.113883.4.642.4.3320",EncounterReasonUse,Encounter Reason Use,"What a specific Encounter/EpisodeOfCare `reason.value` is to be used for.","StructureDefinition/ee-vris-episode-of-care-pregnancy,StructureDefinition/ee-vris-episode-of-care,StructureDefinition/ee-vris-encounter","hl7.fhir.r5.core"
http://hl7.org/fhir/ValueSet/encounter-special-arrangements,5.0.0,draft,"2.16.840.1.113883.4.642.3.248,2.16.840.1.113883.4.642.2.141,2.16.840.1.113883.4.642.3.253",SpecialArrangements,Special Arrangements,"This value set defines a set of codes that can be used to indicate the kinds of special arrangements in place for a patients visit.","StructureDefinition/ee-vris-encounter","THO"
http://hl7.org/fhir/ValueSet/encounter-special-courtesy,5.0.0,draft,"2.16.840.1.113883.4.642.3.247,2.16.840.1.113883.4.642.3.252,2.16.840.1.113883.4.642.2.140",SpecialCourtesy,Special Courtesy,"This value set defines a set of codes that can be used to indicate special courtesies provided to the patient.","StructureDefinition/ee-vris-encounter","THO (V3)"
http://hl7.org/fhir/ValueSet/encounter-status,5.0.0,draft,"2.16.840.1.113883.4.642.3.246,2.16.840.1.113883.4.642.3.241",EncounterStatus,Encounter Status,"Current state of the encounter.","StructureDefinition/ee-vris-encounter","hl7.fhir.r5.core"
http://hl7.org/fhir/ValueSet/encounter-subject-status,5.0.0,draft,"2.16.840.1.113883.4.642.3.3159",EncounterSubjectStatus,Encounter Subject Status,"This example value set defines a set of codes that can be used to indicate the status of the subject within the encounter","StructureDefinition/ee-vris-encounter","THO"
http://hl7.org/fhir/ValueSet/encounter-type,5.0.0,draft,"2.16.840.1.113883.4.642.3.243,2.16.840.1.113883.4.642.3.248,2.16.840.1.113883.4.642.2.137",EncounterType,Encounter Type,"This example value set defines a set of codes that can be used to indicate the type of encounter: a specific code indicating type of service provided.","StructureDefinition/ee-vris-encounter","THO"
http://hl7.org/fhir/ValueSet/episode-of-care-status,5.0.0,draft,"2.16.840.1.113883.4.642.3.664,2.16.840.1.113883.4.642.2.346,2.16.840.1.113883.4.642.3.648",EpisodeOfCareStatus,Episode Of Care Status,"The status of the episode of care.","StructureDefinition/ee-vris-episode-of-care-pregnancy,StructureDefinition/ee-vris-episode-of-care","hl7.fhir.r5.core"
http://hl7.org/fhir/ValueSet/episodeofcare-type,5.0.0,draft,"2.16.840.1.113883.4.642.3.650,2.16.840.1.113883.4.642.3.666",EpisodeOfCareType,Episode Of Care Type,"This example value set defines a set of codes that can be used to express the usage type of an EpisodeOfCare record.","StructureDefinition/ee-vris-episode-of-care-pregnancy,StructureDefinition/ee-vris-episode-of-care","THO"
http://hl7.org/fhir/ValueSet/event-status,5.0.0,draft,"2.16.840.1.113883.4.642.3.109",EventStatus,EventStatus,"Codes identifying the lifecycle stage of an event.","StructureDefinition/ee-vris-procedure-embryo-transfer,StructureDefinition/ee-vris-procedure-oocyte-retrieval,StructureDefinition/ee-vris-procedure-destruction,StructureDefinition/ee-vris-procedure-fertilization,StructureDefinition/ee-vris-procedure-donation,StructureDefinition/ee-vris-procedure-insemination,StructureDefinition/ee-vris-procedure-cryopreservation,StructureDefinition/ee-vris-procedure,StructureDefinition/ee-vris-procedure-pgt","hl7.fhir.r5.core"
http://hl7.org/fhir/ValueSet/ex-benefitcategory,5.0.0,draft,"2.16.840.1.113883.4.642.3.1174",BenefitCategoryCodes,Benefit Category Codes,"This value set includes examples of Benefit Category codes.","StructureDefinition/ee-vris-coverage","THO"
http://hl7.org/fhir/ValueSet/fm-status,5.0.0,draft,"2.16.840.1.113883.4.642.3.584,2.16.840.1.113883.4.642.3.592",FinancialResourceStatusCodes,Financial Resource Status Codes,"This value set includes Status codes.","StructureDefinition/ee-vris-coverage","hl7.fhir.r5.core"
http://hl7.org/fhir/ValueSet/identifier-type,5.0.0,active,"2.16.840.1.113883.4.642.3.45",IdentifierTypeCodes,Identifier Type Codes,"A coded type for an identifier that can be used to determine which identifier to use for a specific purpose.","StructureDefinition/ee-vris-recipient,StructureDefinition/ee-vris-patient-child-unknown-id,StructureDefinition/ee-vris-donor-anonymous,StructureDefinition/ee-vris-patient-child,StructureDefinition/ee-vris-episode-of-care-pregnancy,StructureDefinition/ee-vris-donor,StructureDefinition/ee-vris-related-person","THO (V2)"
http://hl7.org/fhir/ValueSet/identifier-use,5.0.0,active,"2.16.840.1.113883.4.642.3.57",IdentifierUse,IdentifierUse,"Identifies the purpose for this identifier, if known .","StructureDefinition/ee-vris-recipient,StructureDefinition/ee-vris-patient-child-unknown-id,StructureDefinition/ee-vris-donor-anonymous,StructureDefinition/ee-vris-patient-child,StructureDefinition/ee-vris-episode-of-care-pregnancy,StructureDefinition/ee-vris-donor,StructureDefinition/ee-vris-related-person","hl7.fhir.r5.core"
http://hl7.org/fhir/ValueSet/jurisdiction,5.0.0,draft,"2.16.840.1.113883.4.642.3.48",JurisdictionValueSet,Jurisdiction ValueSet,"This value set defines a base set of codes for country, country subdivision and region    for indicating where a resource is intended to be used.             Note: The codes for countries and country subdivisions are taken from    [ISO 3166](https://www.iso.org/iso-3166-country-codes.html)    while the codes for ""supra-national"" regions are from    [UN Standard country or area codes for statistical use (M49)](http://unstats.un.org/unsd/methods/m49/m49.htm).","StructureDefinition/ee-vris-packaged-product-definition","hl7.terminology.r5,Other"
http://hl7.org/fhir/ValueSet/languages,5.0.0,active,"2.16.840.1.113883.4.642.3.891,2.16.840.1.113883.4.642.3.20",CommonLanguages,Common Languages,"This value set includes common codes from BCP-47 (see http://tools.ietf.org/html/bcp47)","StructureDefinition/ee-vris-medication-administration,StructureDefinition/ee-vris-oocyte,StructureDefinition/ee-vris-procedure-oocyte-retrieval,StructureDefinition/ee-vris-procedure-destruction,StructureDefinition/ee-vris-embryo,StructureDefinition/ee-vris-cause-of-death,StructureDefinition/ee-vris-observation-marital-status,StructureDefinition/ee-vris-observation-stimulation-protocol,StructureDefinition/ee-vris-observation-blood-group,StructureDefinition/ee-vris-observation-clinical-pregnancy,StructureDefinition/ee-vris-observation-birth-weight,StructureDefinition/ee-vris-observation-weight,StructureDefinition/ee-vris-observation-physical-appearance,StructureDefinition/ee-vris-observation-neonatal-intensive-care,StructureDefinition/ee-vris-patient-universal,StructureDefinition/ee-vris-condition-birth-defect,StructureDefinition/ee-vris-reproductive-tissue,StructureDefinition/ee-vris-observation-fertilization-counts,StructureDefinition/ee-vris-condition-treatment-complication,StructureDefinition/ee-vris-condition-fertility-indication-male,StructureDefinition/ee-vris-patient-child-unknown-id,StructureDefinition/ee-vris-donor,StructureDefinition/ee-vris-observation-stimulation-protocol-embryo,StructureDefinition/ee-vris-coverage,StructureDefinition/ee-vris-procedure-pgt,StructureDefinition/ee-vris-observation-biochemical-pregnancy,StructureDefinition/ee-vris-observation-tobacco-use,StructureDefinition/ee-vris-procedure-cryopreservation,StructureDefinition/ee-vris-procedure,StructureDefinition/ee-vris-encounter,StructureDefinition/ee-vris-recipient,StructureDefinition/ee-vris-observation-education-level,StructureDefinition/ee-vris-patient-child,StructureDefinition/ee-vris-packaged-product-definition,StructureDefinition/ee-vris-procedure-fertilization,StructureDefinition/ee-vris-observation-obstetric-history,StructureDefinition/ee-vris-observation-waist,StructureDefinition/ee-vris-condition-comorbidity,StructureDefinition/ee-vris-observation-fetus-reduction,StructureDefinition/ee-vris-procedure-embryo-transfer,StructureDefinition/ee-vris-donor-anonymous,StructureDefinition/ee-vris-episode-of-care-pregnancy,StructureDefinition/ee-vris-episode-of-care,StructureDefinition/ee-vris-supply-delivery,StructureDefinition/ee-vris-condition-donor-genetic-finding,StructureDefinition/ee-vris-observation-prenatal-care-discontinued,StructureDefinition/ee-vris-related-person,StructureDefinition/ee-vris-observation-attempting-to-concieve,StructureDefinition/ee-vris-observation-embryo-lifecycle-counts,StructureDefinition/ee-vris-procedure-insemination,StructureDefinition/ee-vris-care-plan,StructureDefinition/ee-vris-condition-pregnancy,StructureDefinition/ee-vris-observation-prior-fertility-treatment,StructureDefinition/ee-vris-condition-fertility-indication-female,StructureDefinition/ee-vris-procedure-donation,StructureDefinition/ee-vris-observation-pregnancy-outcome,StructureDefinition/ee-vris-observation-height,StructureDefinition/ee-vris-sperm","hl7.terminology.r5"
http://hl7.org/fhir/ValueSet/legal-status-of-supply,5.0.0,draft,"2.16.840.1.113883.4.642.3.3017",LegalStatusOfSupply,Legal Status Of Supply,"The prescription supply types appropriate to a medicinal product","StructureDefinition/ee-vris-packaged-product-definition","hl7.fhir.r5.core"
http://hl7.org/fhir/ValueSet/link-type,5.0.0,active,"2.16.840.1.113883.4.642.2.234,2.16.840.1.113883.4.642.3.423,2.16.840.1.113883.4.642.3.412",LinkType,Link Type,"The type of link between this Patient resource and another Patient/RelatedPerson resource.","StructureDefinition/ee-vris-recipient,StructureDefinition/ee-vris-patient-child-unknown-id,StructureDefinition/ee-vris-donor-anonymous,StructureDefinition/ee-vris-patient-universal,StructureDefinition/ee-vris-patient-child,StructureDefinition/ee-vris-donor","hl7.fhir.r5.core"
http://hl7.org/fhir/ValueSet/location-form,5.0.0,draft,"2.16.840.1.113883.4.642.3.328",LocationForm,Location Form,"This example value set defines a set of codes that can be used to indicate the physical form of the Location.","StructureDefinition/ee-vris-encounter","THO"
http://hl7.org/fhir/ValueSet/marital-status,5.0.0,active,"2.16.840.1.113883.4.642.3.29",MaritalStatusCodes,Marital Status Codes,"This value set defines the set of codes that can be used to indicate the marital status of a person.","StructureDefinition/ee-vris-recipient,StructureDefinition/ee-vris-patient-child-unknown-id,StructureDefinition/ee-vris-donor-anonymous,StructureDefinition/ee-vris-patient-universal,StructureDefinition/ee-vris-patient-child,StructureDefinition/ee-vris-donor,StructureDefinition/ee-vris-observation-marital-status","THO (V3)"
http://hl7.org/fhir/ValueSet/med-admin-perform-function,5.0.0,draft,"2.16.840.1.113883.4.642.3.349",MedicationAdministrationPerformerFunctionCodes,MedicationAdministration Performer Function Codes,"MedicationAdministration Performer Function Codes","StructureDefinition/ee-vris-medication-administration","THO"
http://hl7.org/fhir/ValueSet/medication-admin-location,5.0.0,draft,"2.16.840.1.113883.4.642.3.3127",MedicationAdministrationLocationCodes,MedicationAdministration Location Codes,"MedicationAdministration Location Codes","StructureDefinition/ee-vris-medication-administration","THO"
http://hl7.org/fhir/ValueSet/medication-admin-status,5.0.0,draft,"2.16.840.1.113883.4.642.2.186,2.16.840.1.113883.4.642.3.340,2.16.840.1.113883.4.642.3.330",MedicationAdministrationStatusCodes,MedicationAdministration Status Codes,"MedicationAdministration Status Codes","StructureDefinition/ee-vris-medication-administration","hl7.fhir.r5.core"
http://hl7.org/fhir/ValueSet/medication-codes,5.0.0,draft,"2.16.840.1.113883.4.642.3.375,2.16.840.1.113883.4.642.2.199,2.16.840.1.113883.4.642.3.360",SNOMEDCTMedicationCodes,SNOMED CT Medication Codes,"This value set includes all drug or medicament substance codes and all pharmaceutical/biologic products from SNOMED CT - provided as an exemplar value set.","StructureDefinition/ee-vris-medication-administration","SCT"
http://hl7.org/fhir/ValueSet/name-use,5.0.0,active,"2.16.840.1.113883.4.642.3.65",NameUse,NameUse,"The use of a human name.","StructureDefinition/ee-vris-recipient,StructureDefinition/ee-vris-patient-child-unknown-id,StructureDefinition/ee-vris-donor-anonymous,StructureDefinition/ee-vris-patient-child,StructureDefinition/ee-vris-donor","hl7.fhir.r5.core"
http://hl7.org/fhir/ValueSet/observation-category,5.0.0,draft,"2.16.840.1.113883.4.642.3.403,2.16.840.1.113883.4.642.2.222,2.16.840.1.113883.4.642.3.392",ObservationCategoryCodes,Observation Category Codes,"Observation Category codes.","StructureDefinition/ee-vris-observation-education-level,StructureDefinition/ee-vris-observation-attempting-to-concieve,StructureDefinition/ee-vris-observation-embryo-lifecycle-counts,StructureDefinition/ee-vris-observation-stimulation-protocol-embryo,StructureDefinition/ee-vris-observation-obstetric-history,StructureDefinition/ee-vris-observation-marital-status,StructureDefinition/ee-vris-observation-stimulation-protocol,StructureDefinition/ee-vris-observation-waist,StructureDefinition/ee-vris-observation-clinical-pregnancy,StructureDefinition/ee-vris-observation-prior-fertility-treatment,StructureDefinition/ee-vris-observation-blood-group,StructureDefinition/ee-vris-observation-physical-appearance,StructureDefinition/ee-vris-observation-weight,StructureDefinition/ee-vris-observation-fetus-reduction,StructureDefinition/ee-vris-observation-birth-weight,StructureDefinition/ee-vris-observation-neonatal-intensive-care,StructureDefinition/ee-vris-observation-biochemical-pregnancy,StructureDefinition/ee-vris-observation-tobacco-use,StructureDefinition/ee-vris-observation-pregnancy-outcome,StructureDefinition/ee-vris-observation-prenatal-care-discontinued,StructureDefinition/ee-vris-observation-height,StructureDefinition/ee-vris-observation-fertilization-counts","THO"
http://hl7.org/fhir/ValueSet/observation-codes,5.0.0,draft,"2.16.840.1.113883.4.642.2.216,2.16.840.1.113883.4.642.3.396,2.16.840.1.113883.4.642.3.383",LOINCCodes,LOINC Codes,"This value set includes all LOINC codes","StructureDefinition/ee-vris-observation-education-level,StructureDefinition/ee-vris-observation-attempting-to-concieve,StructureDefinition/ee-vris-observation-embryo-lifecycle-counts,StructureDefinition/ee-vris-observation-stimulation-protocol-embryo,StructureDefinition/ee-vris-observation-obstetric-history,StructureDefinition/ee-vris-observation-marital-status,StructureDefinition/ee-vris-observation-stimulation-protocol,StructureDefinition/ee-vris-observation-waist,StructureDefinition/ee-vris-observation-clinical-pregnancy,StructureDefinition/ee-vris-observation-prior-fertility-treatment,StructureDefinition/ee-vris-observation-blood-group,StructureDefinition/ee-vris-observation-physical-appearance,StructureDefinition/ee-vris-observation-weight,StructureDefinition/ee-vris-observation-fetus-reduction,StructureDefinition/ee-vris-observation-birth-weight,StructureDefinition/ee-vris-observation-neonatal-intensive-care,StructureDefinition/ee-vris-observation-biochemical-pregnancy,StructureDefinition/ee-vris-observation-tobacco-use,StructureDefinition/ee-vris-observation-pregnancy-outcome,StructureDefinition/ee-vris-observation-prenatal-care-discontinued,StructureDefinition/ee-vris-observation-height,StructureDefinition/ee-vris-observation-fertilization-counts","LOINC"
http://hl7.org/fhir/ValueSet/observation-interpretation,5.0.0,active,"2.16.840.1.113883.4.642.3.399,2.16.840.1.113883.4.642.3.386,2.16.840.1.113883.4.642.2.218",ObservationInterpretationCodes,Observation Interpretation Codes,"A categorical assessment, providing a rough qualitative interpretation of the observation value,    such as “normal”/ “abnormal”,”low” / “high”, “better” / “worse”, “susceptible” / “resistant”, “expected”/ “not expected”.    The value set is intended to be for ANY use where coded representation of an interpretation is needed.             Notes:          This is being communicated in v2.x in OBX-8 (Observation Interpretation), in v3 in ObservationInterpretation (CWE) in R1 (Representative Realm) and in FHIR in    Observation.interpretation. Historically these values come from the laboratory domain, and these codes are extensively    used. The value set binding is extensible, so codes outside the value set that are needed for interpretation concepts    (i.e. particular meanings) that are not included in the value set can be used, and these new codes may also be added to    the value set and published in a future version.","StructureDefinition/ee-vris-observation-education-level,StructureDefinition/ee-vris-observation-attempting-to-concieve,StructureDefinition/ee-vris-observation-embryo-lifecycle-counts,StructureDefinition/ee-vris-observation-stimulation-protocol-embryo,StructureDefinition/ee-vris-observation-obstetric-history,StructureDefinition/ee-vris-observation-marital-status,StructureDefinition/ee-vris-observation-stimulation-protocol,StructureDefinition/ee-vris-observation-waist,StructureDefinition/ee-vris-observation-clinical-pregnancy,StructureDefinition/ee-vris-observation-prior-fertility-treatment,StructureDefinition/ee-vris-observation-blood-group,StructureDefinition/ee-vris-observation-physical-appearance,StructureDefinition/ee-vris-observation-weight,StructureDefinition/ee-vris-observation-fetus-reduction,StructureDefinition/ee-vris-observation-birth-weight,StructureDefinition/ee-vris-observation-neonatal-intensive-care,StructureDefinition/ee-vris-observation-biochemical-pregnancy,StructureDefinition/ee-vris-observation-tobacco-use,StructureDefinition/ee-vris-observation-pregnancy-outcome,StructureDefinition/ee-vris-observation-prenatal-care-discontinued,StructureDefinition/ee-vris-observation-height,StructureDefinition/ee-vris-observation-fertilization-counts","THO (V3)"
http://hl7.org/fhir/ValueSet/observation-methods,5.0.0,draft,"2.16.840.1.113883.4.642.2.215,2.16.840.1.113883.4.642.3.395,2.16.840.1.113883.4.642.3.382",ObservationMethods,Observation Methods,"Observation Method codes from [SNOMED CT](http://snomed.info/sct) where concept is-a 272394005 (Technique (qualifier value)) or is-a 129264002 (Action (qualifier value)) or is-a 386053000 (Evaluation procedure(procedure))","StructureDefinition/ee-vris-observation-education-level,StructureDefinition/ee-vris-observation-attempting-to-concieve,StructureDefinition/ee-vris-observation-embryo-lifecycle-counts,StructureDefinition/ee-vris-observation-stimulation-protocol-embryo,StructureDefinition/ee-vris-observation-obstetric-history,StructureDefinition/ee-vris-observation-marital-status,StructureDefinition/ee-vris-observation-stimulation-protocol,StructureDefinition/ee-vris-observation-waist,StructureDefinition/ee-vris-observation-clinical-pregnancy,StructureDefinition/ee-vris-observation-prior-fertility-treatment,StructureDefinition/ee-vris-observation-blood-group,StructureDefinition/ee-vris-observation-physical-appearance,StructureDefinition/ee-vris-observation-weight,StructureDefinition/ee-vris-observation-fetus-reduction,StructureDefinition/ee-vris-observation-birth-weight,StructureDefinition/ee-vris-observation-neonatal-intensive-care,StructureDefinition/ee-vris-observation-biochemical-pregnancy,StructureDefinition/ee-vris-observation-tobacco-use,StructureDefinition/ee-vris-observation-pregnancy-outcome,StructureDefinition/ee-vris-observation-prenatal-care-discontinued,StructureDefinition/ee-vris-observation-height,StructureDefinition/ee-vris-observation-fertilization-counts","SCT"
http://hl7.org/fhir/ValueSet/observation-referencerange-normalvalue,5.0.0,draft,"2.16.840.1.113883.4.642.3.3264",ObservationReferenceRangeNormalValueCodes,Observation Reference Range Normal Value Codes,"Codes that describe the normal value in the reference range, such as “Negative” or “Absent”","StructureDefinition/ee-vris-observation-education-level,StructureDefinition/ee-vris-observation-attempting-to-concieve,StructureDefinition/ee-vris-observation-embryo-lifecycle-counts,StructureDefinition/ee-vris-observation-stimulation-protocol-embryo,StructureDefinition/ee-vris-observation-obstetric-history,StructureDefinition/ee-vris-observation-marital-status,StructureDefinition/ee-vris-observation-stimulation-protocol,StructureDefinition/ee-vris-observation-waist,StructureDefinition/ee-vris-observation-clinical-pregnancy,StructureDefinition/ee-vris-observation-prior-fertility-treatment,StructureDefinition/ee-vris-observation-blood-group,StructureDefinition/ee-vris-observation-physical-appearance,StructureDefinition/ee-vris-observation-weight,StructureDefinition/ee-vris-observation-fetus-reduction,StructureDefinition/ee-vris-observation-birth-weight,StructureDefinition/ee-vris-observation-neonatal-intensive-care,StructureDefinition/ee-vris-observation-biochemical-pregnancy,StructureDefinition/ee-vris-observation-tobacco-use,StructureDefinition/ee-vris-observation-pregnancy-outcome,StructureDefinition/ee-vris-observation-prenatal-care-discontinued,StructureDefinition/ee-vris-observation-height,StructureDefinition/ee-vris-observation-fertilization-counts","hl7.fhir.r5.core"
http://hl7.org/fhir/ValueSet/observation-status,5.0.0,active,"2.16.840.1.113883.4.642.3.400,2.16.840.1.113883.4.642.3.387,2.16.840.1.113883.4.642.2.219",ObservationStatus,Observation Status,"Codes providing the status of an observation.","StructureDefinition/ee-vris-observation-education-level,StructureDefinition/ee-vris-observation-attempting-to-concieve,StructureDefinition/ee-vris-observation-embryo-lifecycle-counts,StructureDefinition/ee-vris-observation-stimulation-protocol-embryo,StructureDefinition/ee-vris-observation-obstetric-history,StructureDefinition/ee-vris-observation-marital-status,StructureDefinition/ee-vris-observation-stimulation-protocol,StructureDefinition/ee-vris-observation-waist,StructureDefinition/ee-vris-observation-clinical-pregnancy,StructureDefinition/ee-vris-observation-prior-fertility-treatment,StructureDefinition/ee-vris-observation-blood-group,StructureDefinition/ee-vris-observation-physical-appearance,StructureDefinition/ee-vris-observation-weight,StructureDefinition/ee-vris-observation-fetus-reduction,StructureDefinition/ee-vris-observation-birth-weight,StructureDefinition/ee-vris-observation-neonatal-intensive-care,StructureDefinition/ee-vris-observation-biochemical-pregnancy,StructureDefinition/ee-vris-observation-tobacco-use,StructureDefinition/ee-vris-observation-pregnancy-outcome,StructureDefinition/ee-vris-observation-prenatal-care-discontinued,StructureDefinition/ee-vris-observation-height,StructureDefinition/ee-vris-observation-fertilization-counts","hl7.fhir.r5.core"
http://hl7.org/fhir/ValueSet/observation-triggeredbytype,5.0.0,active,"2.16.840.1.113883.4.642.3.3265",TriggeredBytype,triggered Bytype,"Codes providing the type of triggeredBy observation.","StructureDefinition/ee-vris-observation-education-level,StructureDefinition/ee-vris-observation-attempting-to-concieve,StructureDefinition/ee-vris-observation-embryo-lifecycle-counts,StructureDefinition/ee-vris-observation-stimulation-protocol-embryo,StructureDefinition/ee-vris-observation-obstetric-history,StructureDefinition/ee-vris-observation-marital-status,StructureDefinition/ee-vris-observation-stimulation-protocol,StructureDefinition/ee-vris-observation-waist,StructureDefinition/ee-vris-observation-clinical-pregnancy,StructureDefinition/ee-vris-observation-prior-fertility-treatment,StructureDefinition/ee-vris-observation-blood-group,StructureDefinition/ee-vris-observation-physical-appearance,StructureDefinition/ee-vris-observation-weight,StructureDefinition/ee-vris-observation-fetus-reduction,StructureDefinition/ee-vris-observation-birth-weight,StructureDefinition/ee-vris-observation-neonatal-intensive-care,StructureDefinition/ee-vris-observation-biochemical-pregnancy,StructureDefinition/ee-vris-observation-tobacco-use,StructureDefinition/ee-vris-observation-pregnancy-outcome,StructureDefinition/ee-vris-observation-prenatal-care-discontinued,StructureDefinition/ee-vris-observation-height,StructureDefinition/ee-vris-observation-fertilization-counts","hl7.fhir.r5.core"
http://hl7.org/fhir/ValueSet/package-material,5.0.0,draft,"2.16.840.1.113883.4.642.3.3071",PackageMaterial,Package Material,"A material used in the construction of packages and their components.","StructureDefinition/ee-vris-packaged-product-definition","hl7.fhir.r5.core"
http://hl7.org/fhir/ValueSet/package-type,5.0.0,draft,"2.16.840.1.113883.4.642.3.3073",PackageType,Package Type,"A high level categorisation of a package.","StructureDefinition/ee-vris-packaged-product-definition","hl7.fhir.r5.core"
http://hl7.org/fhir/ValueSet/packaging-type,5.0.0,draft,"2.16.840.1.113883.4.642.3.3072",PackagingType,Packaging Type,"A type of packaging.","StructureDefinition/ee-vris-packaged-product-definition","hl7.fhir.r5.core"
http://hl7.org/fhir/ValueSet/participation-role-type,5.0.0,draft,"2.16.840.1.113883.4.642.3.54",ParticipationRoleType,Participation Role Type,"This FHIR value set is comprised of Actor participation Type codes, which can be used to value FHIR agents, actors, and other role elements. The codes are intended to express how the agent participated in some activity. Sometimes refered to the agent functional-role relative to the activity.","StructureDefinition/ee-vris-condition-treatment-complication,StructureDefinition/ee-vris-condition-pregnancy,StructureDefinition/ee-vris-condition-fertility-indication-male,StructureDefinition/ee-vris-condition-comorbidity,StructureDefinition/ee-vris-condition-birth-defect,StructureDefinition/ee-vris-condition-donor-genetic-finding,StructureDefinition/ee-vris-condition-fertility-indication-female,StructureDefinition/ee-vris-cause-of-death","THO,DICOM"
http://hl7.org/fhir/ValueSet/patient-contactrelationship,5.0.0,active,"2.16.840.1.113883.4.642.3.1130",PatientContactRelationship,Patient Contact Relationship ,"The nature of the relationship between the patient and the contact person.","StructureDefinition/ee-vris-recipient,StructureDefinition/ee-vris-patient-child-unknown-id,StructureDefinition/ee-vris-donor-anonymous,StructureDefinition/ee-vris-patient-universal,StructureDefinition/ee-vris-patient-child,StructureDefinition/ee-vris-donor","THO (V2)"
http://hl7.org/fhir/ValueSet/performer-role,5.0.0,draft,"2.16.840.1.113883.4.642.3.433,2.16.840.1.113883.4.642.2.420,2.16.840.1.113883.4.642.3.424",ProcedurePerformerRoleCodes,Procedure Performer Role Codes,"This example value set defines the set of codes that can be used to indicate a role of a procedure performer.","StructureDefinition/ee-vris-procedure-embryo-transfer,StructureDefinition/ee-vris-procedure-oocyte-retrieval,StructureDefinition/ee-vris-procedure-destruction,StructureDefinition/ee-vris-procedure-fertilization,StructureDefinition/ee-vris-procedure-donation,StructureDefinition/ee-vris-procedure-insemination,StructureDefinition/ee-vris-procedure-cryopreservation,StructureDefinition/ee-vris-procedure,StructureDefinition/ee-vris-procedure-pgt","SCT"
http://hl7.org/fhir/ValueSet/procedure-category,5.0.0,draft,"2.16.840.1.113883.4.642.3.421,2.16.840.1.113883.4.642.3.430,2.16.840.1.113883.4.642.2.241",ProcedureCategoryCodesSNOMEDCT,Procedure Category Codes (SNOMED CT),"Procedure Category code: A selection of relevant SNOMED CT codes.","StructureDefinition/ee-vris-procedure-embryo-transfer,StructureDefinition/ee-vris-procedure-oocyte-retrieval,StructureDefinition/ee-vris-procedure-destruction,StructureDefinition/ee-vris-procedure-fertilization,StructureDefinition/ee-vris-procedure-donation,StructureDefinition/ee-vris-procedure-insemination,StructureDefinition/ee-vris-procedure-cryopreservation,StructureDefinition/ee-vris-procedure,StructureDefinition/ee-vris-procedure-pgt","SCT"
http://hl7.org/fhir/ValueSet/procedure-code,5.0.0,draft,"2.16.840.1.113883.4.642.3.418,2.16.840.1.113883.4.642.3.427,2.16.840.1.113883.4.642.2.417",ProcedureCodesSNOMEDCT,Procedure Codes (SNOMED CT),"Procedure Code: All SNOMED CT procedure codes.","StructureDefinition/ee-vris-procedure-embryo-transfer,StructureDefinition/ee-vris-procedure-oocyte-retrieval,StructureDefinition/ee-vris-procedure-destruction,StructureDefinition/ee-vris-procedure-fertilization,StructureDefinition/ee-vris-procedure-donation,StructureDefinition/ee-vris-procedure-insemination,StructureDefinition/ee-vris-procedure,StructureDefinition/ee-vris-procedure-pgt","SCT"
http://hl7.org/fhir/ValueSet/procedure-followup,5.0.0,draft,"2.16.840.1.113883.4.642.3.420,2.16.840.1.113883.4.642.3.429,2.16.840.1.113883.4.642.2.240",ProcedureFollowUpCodesSNOMEDCT,Procedure Follow up Codes (SNOMED CT),"Procedure follow up codes: A selection of SNOMED CT codes relevant to procedure follow up.","StructureDefinition/ee-vris-procedure-embryo-transfer,StructureDefinition/ee-vris-procedure-oocyte-retrieval,StructureDefinition/ee-vris-procedure-destruction,StructureDefinition/ee-vris-procedure-fertilization,StructureDefinition/ee-vris-procedure-donation,StructureDefinition/ee-vris-procedure-insemination,StructureDefinition/ee-vris-procedure-cryopreservation,StructureDefinition/ee-vris-procedure,StructureDefinition/ee-vris-procedure-pgt","SCT"
http://hl7.org/fhir/ValueSet/procedure-not-performed-reason,5.0.0,active,"2.16.840.1.113883.4.642.3.422,2.16.840.1.113883.4.642.3.431,2.16.840.1.113883.4.642.2.418",ProcedureNotPerformedReasonSNOMEDCT,Procedure Not Performed Reason (SNOMED-CT),"Situation codes describing the reason that a procedure, which might otherwise be expected, was not performed, or a procedure that was started and was not completed. Consists of SNOMED CT codes, children of procedure contraindicated (183932001), procedure discontinued (416406003), procedure not done (416237000), procedure not indicated (428119001), procedure not offered (416064006), procedure not wanted (416432009), procedure refused (183944003), and procedure stopped (394908001) as well as 410536001 Contraindicated (qualifier value).","StructureDefinition/ee-vris-procedure-embryo-transfer,StructureDefinition/ee-vris-procedure-oocyte-retrieval,StructureDefinition/ee-vris-procedure-destruction,StructureDefinition/ee-vris-procedure-fertilization,StructureDefinition/ee-vris-procedure-donation,StructureDefinition/ee-vris-procedure-insemination,StructureDefinition/ee-vris-procedure-cryopreservation,StructureDefinition/ee-vris-procedure,StructureDefinition/ee-vris-procedure-pgt","SCT"
http://hl7.org/fhir/ValueSet/procedure-outcome,5.0.0,draft,"2.16.840.1.113883.4.642.2.239,2.16.840.1.113883.4.642.3.419,2.16.840.1.113883.4.642.3.428",ProcedureOutcomeCodesSNOMEDCT,Procedure Outcome Codes (SNOMED CT),"Procedure Outcome code: A selection of relevant SNOMED CT codes.","StructureDefinition/ee-vris-procedure-embryo-transfer,StructureDefinition/ee-vris-procedure-oocyte-retrieval,StructureDefinition/ee-vris-procedure-destruction,StructureDefinition/ee-vris-procedure-fertilization,StructureDefinition/ee-vris-procedure-donation,StructureDefinition/ee-vris-procedure-insemination,StructureDefinition/ee-vris-procedure,StructureDefinition/ee-vris-procedure-pgt","SCT"
http://hl7.org/fhir/ValueSet/procedure-reason,5.0.0,draft,"2.16.840.1.113883.4.642.3.432,2.16.840.1.113883.4.642.3.423,2.16.840.1.113883.4.642.2.419",ProcedureReasonCodes,Procedure Reason Codes,"This example value set defines the set of codes that can be used to indicate a reason for a procedure.","StructureDefinition/ee-vris-procedure-embryo-transfer,StructureDefinition/ee-vris-procedure-oocyte-retrieval,StructureDefinition/ee-vris-procedure-fertilization,StructureDefinition/ee-vris-procedure-donation,StructureDefinition/ee-vris-procedure-insemination,StructureDefinition/ee-vris-procedure,StructureDefinition/ee-vris-procedure-pgt","SCT"
http://hl7.org/fhir/ValueSet/product-category,5.0.0,draft,"2.16.840.1.113883.4.642.3.900",BiologicallyDerivedProductCategory,Biologically Derived Product Category,"Biologically Derived Product Category.","StructureDefinition/ee-vris-oocyte,StructureDefinition/ee-vris-embryo,StructureDefinition/ee-vris-reproductive-tissue,StructureDefinition/ee-vris-sperm","hl7.fhir.r5.core"
http://hl7.org/fhir/ValueSet/product-characteristic-codes,5.0.0,draft,"2.16.840.1.113883.4.642.3.3016",ProductCharacteristic,Product Characteristic,"This value set includes all observable entity codes from SNOMED CT - provided as an exemplar value set.","StructureDefinition/ee-vris-packaged-product-definition","SCT"
http://hl7.org/fhir/ValueSet/publication-status,5.0.0,active,"2.16.840.1.113883.4.642.3.3",PublicationStatus,PublicationStatus,"The lifecycle status of an artifact.","StructureDefinition/ee-vris-packaged-product-definition","hl7.fhir.r5.core"
http://hl7.org/fhir/ValueSet/quantity-comparator,5.0.0,active,"2.16.840.1.113883.4.642.3.59",QuantityComparator,QuantityComparator,"How the Quantity should be understood and represented.","StructureDefinition/ee-vris-recipient,StructureDefinition/ee-vris-observation-weight,StructureDefinition/ee-vris-observation-birth-weight,StructureDefinition/ee-vris-donor-anonymous,StructureDefinition/ee-vris-donor,StructureDefinition/ee-vris-observation-pregnancy-outcome,StructureDefinition/ee-vris-observation-height,StructureDefinition/ee-vris-observation-waist","hl7.fhir.r5.core"
http://hl7.org/fhir/ValueSet/reason-medication-given-codes,5.0.0,draft,"2.16.840.1.113883.4.642.3.344,2.16.840.1.113883.4.642.3.334,2.16.840.1.113883.4.642.2.188",ReasonMedicationGivenCodes,Reason Medication Given Codes,"This value set is provided as an example. The value set to instantiate this attribute should be drawn from a robust terminology code system that consists of or contains concepts to support the medication process.","StructureDefinition/ee-vris-medication-administration","THO"
http://hl7.org/fhir/ValueSet/reason-medication-not-given-codes,5.0.0,draft,"2.16.840.1.113883.4.642.3.342,2.16.840.1.113883.4.642.3.332,2.16.840.1.113883.4.642.2.187",SNOMEDCTReasonMedicationNotGivenCodes,SNOMED CT Reason Medication Not Given Codes,"This value set includes all medication refused, medication not administered, and non-administration of necessary drug or medicine codes from SNOMED CT - provided as an exemplar value set.","StructureDefinition/ee-vris-medication-administration","SCT"
http://hl7.org/fhir/ValueSet/referencerange-appliesto,5.0.0,draft,"2.16.840.1.113883.4.642.3.407,2.16.840.1.113883.4.642.3.396",ObservationReferenceRangeAppliesToCodes,Observation Reference Range Applies To Codes,"This value set defines a set of codes that can be used to indicate the particular target population the reference range applies to.","StructureDefinition/ee-vris-observation-education-level,StructureDefinition/ee-vris-observation-attempting-to-concieve,StructureDefinition/ee-vris-observation-embryo-lifecycle-counts,StructureDefinition/ee-vris-observation-stimulation-protocol-embryo,StructureDefinition/ee-vris-observation-obstetric-history,StructureDefinition/ee-vris-observation-marital-status,StructureDefinition/ee-vris-observation-stimulation-protocol,StructureDefinition/ee-vris-observation-waist,StructureDefinition/ee-vris-observation-clinical-pregnancy,StructureDefinition/ee-vris-observation-prior-fertility-treatment,StructureDefinition/ee-vris-observation-blood-group,StructureDefinition/ee-vris-observation-physical-appearance,StructureDefinition/ee-vris-observation-weight,StructureDefinition/ee-vris-observation-fetus-reduction,StructureDefinition/ee-vris-observation-birth-weight,StructureDefinition/ee-vris-observation-neonatal-intensive-care,StructureDefinition/ee-vris-observation-biochemical-pregnancy,StructureDefinition/ee-vris-observation-tobacco-use,StructureDefinition/ee-vris-observation-pregnancy-outcome,StructureDefinition/ee-vris-observation-prenatal-care-discontinued,StructureDefinition/ee-vris-observation-height,StructureDefinition/ee-vris-observation-fertilization-counts","SCT"
http://hl7.org/fhir/ValueSet/referencerange-meaning,5.0.0,draft,"2.16.840.1.113883.4.642.3.397,2.16.840.1.113883.4.642.2.217,2.16.840.1.113883.4.642.3.384",ObservationReferenceRangeMeaningCodes,Observation Reference Range Meaning Codes,"This value set defines a set of codes that can be used to indicate the meaning/use of a reference range for a particular target population.","StructureDefinition/ee-vris-observation-education-level,StructureDefinition/ee-vris-observation-attempting-to-concieve,StructureDefinition/ee-vris-observation-embryo-lifecycle-counts,StructureDefinition/ee-vris-observation-stimulation-protocol-embryo,StructureDefinition/ee-vris-observation-obstetric-history,StructureDefinition/ee-vris-observation-marital-status,StructureDefinition/ee-vris-observation-stimulation-protocol,StructureDefinition/ee-vris-observation-waist,StructureDefinition/ee-vris-observation-clinical-pregnancy,StructureDefinition/ee-vris-observation-prior-fertility-treatment,StructureDefinition/ee-vris-observation-blood-group,StructureDefinition/ee-vris-observation-physical-appearance,StructureDefinition/ee-vris-observation-weight,StructureDefinition/ee-vris-observation-fetus-reduction,StructureDefinition/ee-vris-observation-birth-weight,StructureDefinition/ee-vris-observation-neonatal-intensive-care,StructureDefinition/ee-vris-observation-biochemical-pregnancy,StructureDefinition/ee-vris-observation-tobacco-use,StructureDefinition/ee-vris-observation-pregnancy-outcome,StructureDefinition/ee-vris-observation-prenatal-care-discontinued,StructureDefinition/ee-vris-observation-height,StructureDefinition/ee-vris-observation-fertilization-counts","THO"
http://hl7.org/fhir/ValueSet/relatedperson-relationshiptype,5.0.0,draft,"2.16.840.1.113883.4.642.2.259,2.16.840.1.113883.4.642.3.442,2.16.840.1.113883.4.642.3.449",PatientRelationshipType,Patient Relationship Type,"A set of codes that can be used to indicate the relationship between a Patient and a Related Person.","StructureDefinition/ee-vris-related-person","THO (V3),THO (V2)"
http://hl7.org/fhir/ValueSet/request-status,5.0.0,draft,"2.16.840.1.113883.4.642.3.111",RequestStatus,RequestStatus,"Codes identifying the lifecycle stage of a request.","StructureDefinition/ee-vris-care-plan","hl7.fhir.r5.core"
http://hl7.org/fhir/ValueSet/resource-types,5.0.0,active,"2.16.840.1.113883.4.642.3.27",ResourceType,Resource Types,"Concrete FHIR Resource Types","StructureDefinition/ee-vris-supply-delivery","hl7.fhir.r5.core"
http://hl7.org/fhir/ValueSet/route-codes,5.0.0,draft,"2.16.840.1.113883.4.642.3.98",SNOMEDCTRouteCodes,SNOMED CT Route Codes,"This value set includes all Route codes from SNOMED CT - provided as an exemplar.","StructureDefinition/ee-vris-medication-administration","SCT"
http://hl7.org/fhir/ValueSet/service-type,5.0.0,draft,"2.16.840.1.113883.4.642.3.512,2.16.840.1.113883.4.642.3.518",ServiceType,Service Type,"This value set defines an example set of codes of service-types.","StructureDefinition/ee-vris-encounter","THO"
http://hl7.org/fhir/ValueSet/subscriber-relationship,5.0.0,draft,"2.16.840.1.113883.4.642.3.1385",SubscriberRelationshipCodes,SubscriberPolicyholder Relationship Codes,"This value set includes codes for the relationship between the Subscriber and the Beneficiary (insured/covered party/patient).","StructureDefinition/ee-vris-coverage","THO"
http://hl7.org/fhir/ValueSet/supplydelivery-status,5.0.0,draft,"2.16.840.1.113883.4.642.3.686,2.16.840.1.113883.4.642.3.700,2.16.840.1.113883.4.642.2.355",SupplyDeliveryStatus,Supply Delivery Status,"Status of the supply delivery.","StructureDefinition/ee-vris-supply-delivery","hl7.fhir.r5.core"
http://hl7.org/fhir/ValueSet/supplydelivery-supplyitemtype,5.0.0,draft,"2.16.840.1.113883.4.642.3.2988",SupplyDeliverySupplyItemType,Supply Delivery Supply Item Type,"This value sets refers to a specific supply item.","StructureDefinition/ee-vris-supply-delivery","hl7.fhir.r5.core"
http://terminology.hl7.org/ValueSet/encounter-class,2.0.1,active,,EncounterClass,Encounter class,"This value set defines a set of codes that can be used to indicate the class of encounter: a specific code indicating class of service provided.","StructureDefinition/ee-vris-encounter","THO (V3)"
http://terminology.hl7.org/ValueSet/v2-0092,3.0.0,active,"2.16.840.1.113883.21.40",Hl7VSReAdmissionIndicator,hl7VS-re-admissionIndicator,"Value Set of codes which are used to specify that a patient is being re-admitted to a healthcare facility from which they were discharged, and indicates the circumstances around such re-admission.","StructureDefinition/ee-vris-encounter","THO (V2)"
http://terminology.hl7.org/ValueSet/v3-ActPriority,3.0.0,active,"2.16.840.1.113883.1.11.16866",ActPriority,ActPriority,"A code or set of codes (e.g., for routine, emergency,) specifying the urgency under which the Act happened, can happen, is happening, is intended to happen, or is requested/demanded to happen.    *Discussion:* This attribute is used in orders to indicate the ordered priority, and in event documentation it indicates the actual priority used to perform the act. In definition mood it indicates the available priorities.","StructureDefinition/ee-vris-encounter","THO (V3)"
http://terminology.hl7.org/ValueSet/v3-RoleClass,3.0.0,active,"2.16.840.1.113883.1.11.11555",RoleClass,RoleClass,"This table includes codes for the Role class hierarchy. The values in this hierarchy, represent a Role which is an association or relationship between two entities - the entity that plays the role and the entity that scopes the role. Roles names are derived from the name of the playing entity in that role.    The role hierarchy stems from three core concepts, or abstract domains:     *  **RoleClassOntological** is an abstract domain that collects roles in which the playing entity is defined or specified by the scoping entity.   *  **RoleClassPartitive** collects roles in which the playing entity is in some sense a ""part"" of the scoping entity.   *  **RoleClassAssociative** collects all of the remaining forms of association between the playing entity and the scoping entity. This set of roles is further partitioned between:             *  **RoleClassPassive** which are roles in which the playing entity is used, known, treated, handled, built, or destroyed, etc. under the auspices of the scoping entity. The playing entity is passive in these roles in that the role exists without an agreement from the playing entity.       *  **RoleClassMutualRelationship** which are relationships based on mutual behavior of the two entities. The basis of these relationship may be formal agreements or they may be *de facto* behavior. Thus, this sub-domain is further divided into:                     *  **RoleClassRelationshipFormal** in which the relationship is formally defined, frequently by a contract or agreement.           *  **Personal relationship** which inks two people in a personal relationship.    The hierarchy discussed above is represented In the current vocabulary tables as a set of abstract domains, with the exception of the ""Personal relationship"" which is a leaf concept.","StructureDefinition/ee-vris-related-person","THO (V3)"
https://fhir.ee/ValueSet/administratiivne-sugu,2.0.0,active,,AdministratiivneSugu,Administratiivne sugu,"Administratiivse soo loend, mida kasutada FHIR ressurssides","StructureDefinition/ee-vris-recipient,StructureDefinition/ee-vris-patient-child-unknown-id,StructureDefinition/ee-vris-donor-anonymous,StructureDefinition/ee-vris-patient-child,StructureDefinition/ee-vris-donor","hl7.fhir.r5.core"
https://fhir.ee/ValueSet/isiku-seos-patsiendiga,1.0.0,active,"1.3.6.1.4.1.28284.6.2.1.382",IsikuSeosPatsiendiga,Isiku seos patsiendiga,"Isiku seost patsiendiga kasutatakse Patsiendi üldandmete teenuses (PÜT) isiku seose määramiseks.","StructureDefinition/ee-vris-related-person","THO (V3)"
https://fhir.ee/ValueSet/keeled,1.0.0,active,,Keeled,Keeled,"HL7 loetelus https://build.fhir.org/valueset-languages.html (CommonLanguages) olevate keelte eestikeelsed nimetused.","StructureDefinition/ee-vris-recipient,StructureDefinition/ee-vris-patient-child-unknown-id,StructureDefinition/ee-vris-donor-anonymous,StructureDefinition/ee-vris-patient-child,StructureDefinition/ee-vris-donor","hl7.terminology.r5"
https://fhir.ee/ValueSet/omandatud-korgeim-haridus,4.0.0,active,"1.3.6.1.4.1.28284.6.2.1.373.4,1.3.6.1.4.1.28284.6.2.1.373",OmandatudKorgeimHaridus,Haridus,"Kasutatavad eelisterminid tulenevad Rahvastikuregistri kasutatavast loendist, mida kasutatakse Rahvastikuregistri päringus  ","StructureDefinition/ee-vris-observation-education-level","Other"
https://fhir.ee/ValueSet/patsiendi-identifikaatorite-domeen,3.0.0,active,,,Patsiendi identifikaatorite domeen,"Määratleb erinevad patsientide identifikaatorite domeenid, mida kasutatakse Tervise infosüsteemis. Patsiente saab identifitseerida näiteks isikukoodi, passi numbri vm alusel.  ","StructureDefinition/ee-vris-recipient,StructureDefinition/ee-vris-patient-child-unknown-id,StructureDefinition/ee-vris-donor-anonymous,StructureDefinition/ee-vris-patient-child,StructureDefinition/ee-vris-donor,StructureDefinition/ee-vris-related-person","Other"
